-- phpMyAdmin SQL Dump
-- version 5.0.2
-- https://www.phpmyadmin.net/
--
-- Servidor: 127.0.0.1:3306
-- Tiempo de generación: 18-10-2021 a las 03:16:36
-- Versión del servidor: 5.7.31
-- Versión de PHP: 7.3.21

SET SQL_MODE = "NO_AUTO_VALUE_ON_ZERO";
START TRANSACTION;
SET time_zone = "+00:00";


/*!40101 SET @OLD_CHARACTER_SET_CLIENT=@@CHARACTER_SET_CLIENT */;
/*!40101 SET @OLD_CHARACTER_SET_RESULTS=@@CHARACTER_SET_RESULTS */;
/*!40101 SET @OLD_COLLATION_CONNECTION=@@COLLATION_CONNECTION */;
/*!40101 SET NAMES utf8mb4 */;

--
-- Base de datos: `sotr`
--

-- --------------------------------------------------------

--
-- Estructura de tabla para la tabla `asistencia`
--

DROP TABLE IF EXISTS `asistencia`;
CREATE TABLE IF NOT EXISTS `asistencia` (
  `idsesion` int(6) NOT NULL,
  `codigo` varchar(40) COLLATE utf8_spanish_ci NOT NULL,
  `hora_entrada` time DEFAULT NULL,
  `hora_salida` time DEFAULT NULL,
  `estado` enum('Asistió','Tardanza','Falta') COLLATE utf8_spanish_ci NOT NULL,
  `temperatura` double(3,1) NOT NULL,
  KEY `idsesion` (`idsesion`)
) ENGINE=MyISAM DEFAULT CHARSET=utf8 COLLATE=utf8_spanish_ci;

--
-- Volcado de datos para la tabla `asistencia`
--

INSERT INTO `asistencia` (`idsesion`, `codigo`, `hora_entrada`, `hora_salida`, `estado`, `temperatura`) VALUES
(1, 'u201120316', '09:00:00', '10:55:00', 'Asistió', 36.2),
(1, 'u201124228', '09:05:00', '10:49:00', 'Asistió', 35.7),
(1, 'u201213246', '08:58:00', '10:58:00', 'Asistió', 37.2),
(1, 'u201223959', '09:28:00', '10:54:00', 'Tardanza', 35.8),
(1, 'u201225381', '09:04:00', '10:52:00', 'Asistió', 36.0),
(2, 'u201126966', '08:58:00', '10:45:00', 'Asistió', 36.1),
(2, 'u201225476', '09:04:00', '10:47:00', 'Asistió', 37.0),
(2, 'u201226278', '08:56:00', '10:54:00', 'Asistió', 36.7),
(2, 'u201311395', '08:57:00', '10:52:00', 'Asistió', 35.6),
(2, 'u201324467', '09:32:00', '11:01:00', 'Tardanza', 35.8),
(3, 'u201422755', '08:56:00', '11:48:00', 'Asistió', 36.8),
(3, 'u201429478', '08:57:00', '11:55:00', 'Asistió', 36.8),
(3, 'u201510088', '09:04:00', '11:52:00', 'Asistió', 37.2),
(3, 'u201511544', '08:55:00', '12:01:00', 'Asistió', 36.4),
(5, 'u201523042', '16:58:00', '18:46:00', 'Asistió', 35.8),
(5, 'u201611288', '17:33:00', '18:51:00', 'Tardanza', 36.0),
(5, 'u201628541', '16:55:00', '19:00:00', 'Asistió', 37.0),
(6, 'u201210610', '10:05:00', '12:48:00', 'Asistió', 36.8),
(6, 'u201221473', '10:38:00', '12:46:00', 'Tardanza', 36.4),
(7, 'u201221990', '07:05:00', '10:48:00', 'Asistió', 36.3),
(7, 'u201222507', '06:59:00', '10:51:00', 'Asistió', 36.8),
(8, 'u201427618', '17:02:00', '19:00:00', 'Asistió', 36.7),
(1, 'u201120316', '09:00:00', '10:55:00', 'Asistió', 36.2),
(1, 'u201124228', '09:05:00', '10:49:00', 'Asistió', 35.7),
(1, 'u201213246', '08:58:00', '10:58:00', 'Asistió', 37.2),
(1, 'u201223959', '09:28:00', '10:54:00', 'Tardanza', 35.8),
(1, 'u201225381', '09:04:00', '10:52:00', 'Asistió', 36.0),
(2, 'u201126966', '08:58:00', '10:45:00', 'Asistió', 36.1),
(2, 'u201225476', '09:04:00', '10:47:00', 'Asistió', 37.0),
(2, 'u201226278', '08:56:00', '10:54:00', 'Asistió', 36.7),
(2, 'u201311395', '08:57:00', '10:52:00', 'Asistió', 35.6),
(2, 'u201324467', '09:32:00', '11:01:00', 'Tardanza', 35.8),
(3, 'u201422755', '08:56:00', '11:48:00', 'Asistió', 36.8),
(3, 'u201429478', '08:57:00', '11:55:00', 'Asistió', 36.8),
(3, 'u201510088', '09:04:00', '11:52:00', 'Asistió', 37.2),
(3, 'u201511544', '08:55:00', '12:01:00', 'Asistió', 36.4),
(5, 'u201523042', '16:58:00', '18:46:00', 'Asistió', 35.8),
(5, 'u201611288', '17:33:00', '18:51:00', 'Tardanza', 36.0),
(5, 'u201628541', '16:55:00', '19:00:00', 'Asistió', 37.0),
(6, 'u201210610', '10:05:00', '12:48:00', 'Asistió', 36.8),
(6, 'u201221473', '10:38:00', '12:46:00', 'Tardanza', 36.4),
(7, 'u201221990', '07:05:00', '10:48:00', 'Asistió', 36.3),
(7, 'u201222507', '06:59:00', '10:51:00', 'Asistió', 36.8),
(8, 'u201427618', '17:02:00', '19:00:00', 'Asistió', 36.7),
(1, 'u201810100', '09:05:00', '10:54:00', 'Asistió', 36.5);

-- --------------------------------------------------------

--
-- Estructura de tabla para la tabla `cursos`
--

DROP TABLE IF EXISTS `cursos`;
CREATE TABLE IF NOT EXISTS `cursos` (
  `id` int(6) NOT NULL,
  `codcurso` varchar(6) COLLATE utf8_spanish_ci NOT NULL,
  `curso` varchar(40) COLLATE utf8_spanish_ci NOT NULL,
  `seccion` varchar(4) COLLATE utf8_spanish_ci NOT NULL,
  `campus` enum('MO','SM','SI','VI') COLLATE utf8_spanish_ci NOT NULL,
  `aula` varchar(5) COLLATE utf8_spanish_ci NOT NULL,
  `dia` enum('Lunes','Martes','Miércoles','Jueves','Viernes','Sábado','Domingo') COLLATE utf8_spanish_ci NOT NULL,
  `hora_inicio` time NOT NULL,
  `hora_fin` time NOT NULL,
  `tipo_sesion` enum('LB','TE','TA','PR') COLLATE utf8_spanish_ci NOT NULL,
  `ciclo` varchar(6) COLLATE utf8_spanish_ci NOT NULL,
  `aforo_covid` int(3) NOT NULL,
  PRIMARY KEY (`id`)
) ENGINE=MyISAM DEFAULT CHARSET=utf8 COLLATE=utf8_spanish_ci;

--
-- Volcado de datos para la tabla `cursos`
--

INSERT INTO `cursos` (`id`, `codcurso`, `curso`, `seccion`, `campus`, `aula`, `dia`, `hora_inicio`, `hora_fin`, `tipo_sesion`, `ciclo`, `aforo_covid`) VALUES
(45, 'EL226', 'Sistemas Operativos en Tiempo Real', 'LS92', 'SM', 'SB601', 'Miércoles', '09:00:00', '11:00:00', 'LB', '2021-2', 10),
(46, 'EL226', 'Sistemas Operativos en Tiempo Real', 'LS92', 'SM', 'SB601', 'Viernes', '09:00:00', '11:00:00', 'TE', '2021-2', 10),
(47, 'EL234', 'Sistemas Embebidos', 'EL82', 'SM', 'SB306', 'Sábado', '09:00:00', '12:00:00', 'LB', '2021-2', 10),
(48, 'DG243', 'Diseño de Interiores 1', 'DG65', 'MO', 'H14', 'Jueves', '10:00:00', '13:00:00', 'TA', '2021-2', 9),
(23, 'CI183', 'Ingenierí­a Sismo Resistente', 'CI86', 'MO', 'H25', 'Martes', '09:00:00', '11:00:00', 'LB', '2021-2', 6),
(40, 'EL226', 'Sistemas Operativos en Tiempo Real', 'EL89', 'MO', 'E45', 'Lunes', '17:00:00', '19:00:00', 'TE', '2021-2', 10),
(41, 'EL221', 'Microcontroladores', 'LS98', 'SM', 'SB310', 'Viernes', '10:00:00', '13:00:00', 'LB', '2021-2', 7),
(42, 'EL221', 'Microcontroladores', 'EL78', 'MO', 'C56', 'Miércoles', '07:00:00', '10:00:00', 'LB', '2021-2', 7),
(43, 'EL138', 'Sistemas Digitales', 'EL68', 'MO', 'E52', 'Lunes', '17:00:00', '19:00:00', 'PR', '2021-2', 10),
(44, 'EL138', 'Sistemas Digitales', 'LS67', 'SM', 'SA301', 'Martes', '17:00:00', '19:00:00', 'PR', '2021-2', 10),
(50, 'DG243', 'Diseño de Interiores 1', 'DG10', 'SM', 'SA301', 'Jueves', '15:00:00', '18:00:00', 'TE', '2021-2', 10),
(52, 'EL275', 'Procesamiento Digital de Imágenes', 'LS55', 'SM', 'SB305', 'Martes', '15:00:00', '17:00:00', 'TE', '2021-3', 11);

-- --------------------------------------------------------

--
-- Estructura de tabla para la tabla `matriculados`
--

DROP TABLE IF EXISTS `matriculados`;
CREATE TABLE IF NOT EXISTS `matriculados` (
  `id` int(6) NOT NULL,
  `codalumno` varchar(10) COLLATE utf8_spanish_ci NOT NULL,
  `retirado` enum('S','N') COLLATE utf8_spanish_ci NOT NULL DEFAULT 'N',
  KEY `id` (`id`),
  KEY `codalumno` (`codalumno`)
) ENGINE=MyISAM DEFAULT CHARSET=utf8 COLLATE=utf8_spanish_ci;

--
-- Volcado de datos para la tabla `matriculados`
--

INSERT INTO `matriculados` (`id`, `codalumno`, `retirado`) VALUES
(45, 'u201810100', 'N'),
(45, 'u201710100', 'N'),
(46, 'u201126966', 'N'),
(46, 'u202016073', 'N'),
(47, 'u201929130', 'N'),
(47, 'u201722670', 'N'),
(41, 'u201210610', 'N'),
(41, 'u201221473', 'N'),
(42, 'u201221990', 'N'),
(42, 'u201222507', 'N'),
(43, 'u201427618', 'N'),
(43, 'u201718847', 'N'),
(40, 'u20171d412', 'N'),
(40, 'u201917874', 'N'),
(45, 'u201120316', 'N'),
(45, 'u201124228', 'S'),
(45, 'u201213246', 'N'),
(45, 'u201223959', 'N'),
(45, 'u201225381', 'N'),
(46, 'u201225476', 'N'),
(46, 'u201226278', 'N'),
(46, 'u201311395', 'N'),
(46, 'u201324467', 'N'),
(46, 'u201411612', 'N'),
(47, 'u201422755', 'N'),
(47, 'u201429478', 'S'),
(47, 'u201510088', 'N'),
(47, 'u201511544', 'N'),
(47, 'u201513216', 'N'),
(40, 'u201520494', 'N'),
(40, 'u201523042', 'N'),
(40, 'u201611288', 'N'),
(40, 'u201628541', 'N'),
(40, 'u201629175', 'S'),
(41, 'u201811078', 'N'),
(41, 'u201811996', 'N'),
(41, 'u201816855', 'N'),
(41, 'u201821518', 'N'),
(41, 'u201918472', 'N'),
(42, 'u201921763', 'N'),
(42, 'u201926453', 'N'),
(42, 'u202015029', 'N'),
(42, 'u202016058', 'N'),
(42, 'u202022434', 'N'),
(43, 'u202027003', 'N'),
(43, 'u202110899', 'N'),
(43, 'u202115093', 'N'),
(43, 'u202115897', 'N'),
(43, 'u202117374', 'S'),
(44, 'u202120397', 'N'),
(44, 'u202120414', 'N'),
(44, 'u202125006', 'N'),
(23, 'u201625579', 'N'),
(40, 'u201512593', 'N');

-- --------------------------------------------------------

--
-- Estructura de tabla para la tabla `personal`
--

DROP TABLE IF EXISTS `personal`;
CREATE TABLE IF NOT EXISTS `personal` (
  `codigo` varchar(40) COLLATE utf8_spanish_ci NOT NULL,
  `nombre` varchar(40) COLLATE utf8_spanish_ci NOT NULL,
  `apellidop` varchar(30) COLLATE utf8_spanish_ci NOT NULL,
  `apellidom` varchar(30) COLLATE utf8_spanish_ci NOT NULL,
  `carrera` varchar(40) COLLATE utf8_spanish_ci DEFAULT NULL,
  `sexo` enum('F','M') COLLATE utf8_spanish_ci NOT NULL,
  `campus` enum('SM','MO','SI','VI') COLLATE utf8_spanish_ci DEFAULT NULL,
  `estado` enum('ALUMNO','ADMIN','DOCENTE') COLLATE utf8_spanish_ci NOT NULL,
  UNIQUE KEY `codigo` (`codigo`)
) ENGINE=MyISAM DEFAULT CHARSET=utf8 COLLATE=utf8_spanish_ci;

--
-- Volcado de datos para la tabla `personal`
--

INSERT INTO `personal` (`codigo`, `nombre`, `apellidop`, `apellidom`, `carrera`, `sexo`, `campus`, `estado`) VALUES
('sergio.salas', 'Sergio', 'Salas', 'Arriarán', 'Ingeniería Electrónica', 'M', NULL, 'ADMIN'),
('u201722244', 'Ava', 'FRANCIS', 'ABDO', 'Ingenierí­a de Sistemas de Información', 'M', 'VI', 'ALUMNO'),
('u202112685', 'Cristian', 'HERNÁNDEZ', 'ABREU', 'Ingeniería Ambiental', 'M', 'SM', 'ALUMNO'),
('u201523094', 'Camilo', 'TORRES', 'ACOSTA', 'Ingeniería de Software', 'M', 'MO', 'ALUMNO'),
('u201929130', 'Julia', 'GONZÁLEZ', 'AGUAYO', 'Ingeniería Electrónica', 'F', 'SM', 'ALUMNO'),
('u201916198', 'Fermín', 'NAVARRO', 'AGUILAR', 'Ingeniería de Gestión Minera', 'M', 'MO', 'ALUMNO'),
('u201222507', 'Blanca', 'SALINAS', 'AGUILAR', 'Ingeniería Electrónica', 'F', 'SM', 'ALUMNO'),
('u202017221', 'Patricio', 'SETIÉN', 'AGUILAR', 'Ingeniería de Software', 'M', 'VI', 'ALUMNO'),
('u201225476', 'Abelardo', 'CRUZ', 'AGUIRRE', 'Ingeniería Electrónica', 'M', 'SM', 'ALUMNO'),
('u202115326', 'Florencia', 'GARCÍA', 'AGUIRRE', 'Ingeniería de Software', 'F', 'VI', 'ALUMNO'),
('u201422066', 'Vicente', 'GAS', 'AGUIRRE', 'Ingeniería Ambiental', 'M', 'SI', 'ALUMNO'),
('u201920021', 'Paloma', 'GÓMEZ', 'ALBERÚ', 'Psicología', 'F', 'VI', 'ALUMNO'),
('u201112773', 'Sergio', 'CURIEL', 'ALCÁNTAR', 'Ingeniería de Gestión Empresarial', 'M', 'SM', 'ALUMNO'),
('u201221473', 'Natalia', 'VERDUZCO', 'ALCARAZ', 'Ingeniería Electrónica', 'F', 'SM', 'ALUMNO'),
('u201921763', 'Tomás', 'VARELA', 'ALCOCER', 'Ingeniería Electrónica', 'M', 'MO', 'ALUMNO'),
('u201618236', 'Aurora', 'ROSAS', 'ALEXANDERSON', 'Ingeniería de Gestión Minera', 'F', 'VI', 'ALUMNO'),
('u201410546', 'Úrsula', 'VALDÉS', 'ALMEDA', 'Ciencias de la Computación', 'F', 'SI', 'ALUMNO'),
('u201210797', 'Gemma', 'VANEGAS', 'ALONSO', 'Ingeniería Ambiental', 'F', 'SI', 'ALUMNO'),
('u201913772', 'Gabriel', 'VIVEROS', 'ALONSO', 'Ingeniería Industrial', 'M', 'VI', 'ALUMNO'),
('u201211800', 'David', 'ARANDA', 'ALPUCHE', 'Ingeniería Civil', 'M', 'SM', 'ALUMNO'),
('u201128451', 'Sabina', 'ESPINOSA', 'ALVA', 'Ingeniería de Software', 'F', 'MO', 'ALUMNO'),
('u201720775', 'Valentina', 'CABRERO', 'ALVARADO', 'Ingeniería de Gestión Empresarial', 'F', 'MO', 'ALUMNO'),
('u201327557', 'Claudia', 'CORDERO', 'ÁLVAREZ', 'Relaciones Internacionales', 'F', 'SI', 'ALUMNO'),
('u201220696', 'Silvia', 'DEL RÍO', 'ÁLVAREZ', 'Turismo y Administración', 'F', 'SM', 'ALUMNO'),
('u201427618', 'Camila', 'LEFFMANS', 'ÁLVAREZ', 'Ingeniería Electrónica', 'F', 'SM', 'ALUMNO'),
('u201115966', 'Alba', 'MALDONADO', 'ÁLVAREZ', 'Ingeniería Ambiental', 'F', 'MO', 'ALUMNO'),
('u202119410', 'Paula', 'NEMEGYEI', 'ÁLVAREZ', 'Ingeniería de Gestión Minera', 'F', 'SM', 'ALUMNO'),
('u202117374', 'Martina', 'MARTÍNEZ', 'AMATO', 'Ingeniería Electrónica', 'F', 'MO', 'ALUMNO'),
('u202029756', 'Lucía', 'CASTAÑEDA', 'AMIGO', 'Economía y Finanzas', 'F', 'SI', 'ALUMNO'),
('u201718847', 'Carmen', 'ÁNGELES', 'ÁNGELES', 'Ingeniería Electrónica', 'F', 'MO', 'ALUMNO'),
('u201628198', 'Victoria', 'CASTELLANOS', 'ÁNGELES', 'Ingeniería Industrial', 'M', 'SI', 'ALUMNO'),
('u201428643', 'Laura', 'GUITART', 'APIQUIAN', 'Ciencias de la Computación', 'M', 'SI', 'ALUMNO'),
('u201210610', 'Idara', 'LAGUILLO', 'ARAICO', 'Ingeniería Electrónica', 'F', 'MO', 'ALUMNO'),
('u201911656', 'Juno', 'GÓNGORA', 'ARAUZ', 'Ingeniería Industrial', 'M', 'SM', 'ALUMNO'),
('u201120316', 'Martina', 'HERRERA', 'ARCILA', 'Ingeniería Electrónica', 'F', 'SM', 'ALUMNO'),
('u201223959', 'Sofia', 'GARCÍA', 'ARELLANES', 'Ingeniería Electrónica', 'F', 'MO', 'ALUMNO'),
('u202011131', 'Valentina', 'GUZMÁN', 'ARENAS', 'Ciencias de la Computación', 'M', 'MO', 'ALUMNO'),
('u202115093', 'Isidora', 'SÁNCHEZ', 'ARGÜERO', 'Ingeniería Electrónica', 'F', 'MO', 'ALUMNO'),
('u201811078', 'Antonella', 'MONTAÑO', 'ARIAS', 'Ingeniería Electrónica', 'F', 'MO', 'ALUMNO'),
('u202013572', 'Antonia', 'ANDRACA', 'ARIZA', 'Ingeniería Civil', 'M', 'VI', 'ALUMNO'),
('u201214518', 'William', 'BORUNDA', 'ARMENDÁRIZ', 'Ingeniería Mecatrónica', 'F', 'MO', 'ALUMNO'),
('u201629175', 'Óscar', 'GALÁN', 'ARREDONDO', 'Ingeniería Electrónica', 'M', 'MO', 'ALUMNO'),
('u201228976', 'Emilia', 'GRACIA', 'ARRIAGA', 'Relaciones Internacionales', 'M', 'VI', 'ALUMNO'),
('u201913061', 'Catalina', 'PIZANO', 'ARRIAGA', 'Ingeniería Civil', 'F', 'VI', 'ALUMNO'),
('u201516108', 'Matheus', 'RODRÍGUEZ', 'ARRIETA', 'Ingeniería Industrial', 'M', 'MO', 'ALUMNO'),
('u201724620', 'Luca', 'ACEVEDO', 'ARROYO', 'Ingeniería Civil', 'F', 'SI', 'ALUMNO'),
('u202011404', 'Alejandro', 'GÓMEZ', 'ARTEAGA', 'Ingeniería Civil', 'M', 'SI', 'ALUMNO'),
('u202125006', 'Fernanda', 'RIOS', 'ARZATE', 'Ingeniería Electrónica', 'F', 'MO', 'ALUMNO'),
('u201617583', 'Lucía', 'PERALTA', 'ASTIAZARÁN', 'Ingeniería de Gestión Minera', 'F', 'MO', 'ALUMNO'),
('u202015029', 'María', 'ACOSTA', 'ÁVALOS', 'Ingeniería Electrónica', 'F', 'SM', 'ALUMNO'),
('u202016058', 'Paula', 'RAMIREZ', 'ÁVILA', 'Ingeniería Electrónica', 'F', 'SM', 'ALUMNO'),
('u201926453', 'Daniela', 'MARTINEZ', 'ÁVILA', 'Ingeniería Electrónica', 'F', 'SM', 'ALUMNO'),
('u202120414', 'Leonel', 'MONTERO', 'ÁVILA', 'Ingeniería Electrónica', 'M', 'MO', 'ALUMNO'),
('u201422755', 'Antonio', 'PIMENTEL', 'AVIÑA', 'Ingeniería Electrónica', 'M', 'MO', 'ALUMNO'),
('u202027003', 'Sara', 'YALI', 'AYALA', 'Ingeniería Electrónica', 'F', 'MO', 'ALUMNO'),
('u202120397', 'Sebastián', 'CAMPOS', 'BÁEZ', 'Ingeniería Electrónica', 'M', 'MO', 'ALUMNO'),
('u201918472', 'Mateo', 'SERRA', 'BAEZA', 'Ingeniería Electrónica', 'M', 'MO', 'ALUMNO'),
('u201213246', 'Carla', 'RIVAS', 'BAEZA', 'Ingeniería Electrónica', 'F', 'MO', 'ALUMNO'),
('u201722670', 'Martina', 'MORVELI', 'BAPTISTA', 'Ingeniería Electrónica', 'F', 'SM', 'ALUMNO'),
('u201221990', 'Sofía', 'CAMPOS', 'BARRIGA', 'Ingeniería Electrónica', 'F', 'SM', 'ALUMNO'),
('u201811996', 'Natalia', 'QUIROZ', 'BARQUERA', 'Ingeniería Electrónica', 'F', 'MO', 'ALUMNO'),
('u201815365', 'Ignacio', 'GALDOS', 'BARRAGÁN', 'Ingeniería de Sistemas de Información', 'M', 'SI', 'ALUMNO'),
('u201510088', 'Víctor', 'RUIZ', 'BARRERA', 'Ingeniería Electrónica', 'M', 'MO', 'ALUMNO'),
('u202110899', 'Nicole', 'PACHECO', 'BARRERA', 'Ingeniería Electrónica', 'F', 'SM', 'ALUMNO'),
('u201411612', 'Valeria', 'FUENTES', 'BARRIENTOS', 'Ingeniería Electrónica', 'F', 'MO', 'ALUMNO'),
('u201124228', 'Miguel', 'CUADROS', 'BARRIGUETE', 'Ingeniería Electrónica', 'M', 'MO', 'ALUMNO'),
('u202016073', 'César', 'TUBILLA', 'BARROSO', 'Ingeniería Electrónica', 'M', 'SM', 'ALUMNO'),
('u202022434', 'Vicente', 'TERNERO', 'BASURTO', 'Ingeniería Electrónica', 'M', 'SM', 'ALUMNO'),
('u201313893', 'Leo', 'LAUPA', 'BECKER', 'Ciencias de la Computación', 'M', 'MO', 'ALUMNO'),
('u201519875', 'Martín', 'MARINI', 'BEDOLLA', 'Ingeniería de Software', 'M', 'SM', 'ALUMNO'),
('u201513216', 'Adrián', 'ORDOÑEZ', 'BERLANGA', 'Ingeniería Electrónica', 'M', 'SM', 'ALUMNO'),
('u201324467', 'Valentín', 'ALBINES', 'BERMUDEZ', 'Ingeniería Electrónica', 'M', 'SM', 'ALUMNO'),
('u201523042', 'Marco', 'DÍAZ', 'BERRUECOS', 'Ingeniería Electrónica', 'F', 'SM', 'ALUMNO'),
('u201429478', 'Marcos', 'INGA', 'BERUMEN', 'Ingeniería Electrónica', 'M', 'SM', 'ALUMNO'),
('u201520494', 'Pablo', 'CASTAÑEDA', 'BIAGI', 'Ingeniería Electrónica', 'M', 'SM', 'ALUMNO'),
('u202124447', 'Francisco', 'ELIAS', 'BLANCO', 'Ingeniería Civil', 'M', 'SI', 'ALUMNO'),
('u201226278', 'Gonzalo', 'WATANABE', 'BOBADILLA', 'Ingeniería Electrónica', 'M', 'MO', 'ALUMNO'),
('u201816855', 'Vasco', 'DURAN', 'BOJALIL', 'Ingeniería Electrónica', 'M', 'MO', 'ALUMNO'),
('u201628541', 'Olivia', 'CÓRDOVA', 'BOLIO', 'Ingeniería Electrónica', 'F', 'SM', 'ALUMNO'),
('u201526102', 'Blasco', 'MOROTE', 'BONVECCHIO', 'Ingeniería Mecatrónica', 'M', 'SI', 'ALUMNO'),
('u201917874', 'Rosa', 'ESPINOZA', 'BORJA', 'Ingeniería Electrónica', 'F', 'MO', 'ALUMNO'),
('u201821518', 'Santiago', 'NIEVES', 'BORRAYO', 'Ingeniería Electrónica', 'M', 'SM', 'ALUMNO'),
('u201511544', 'Matías', 'PADILLA', 'BOSQUES', 'Ingeniería Electrónica', 'M', 'MO', 'ALUMNO'),
('u201311395', 'Nicolás', 'FERNÁNDEZ', 'BOURGES', 'Ingeniería Electrónica', 'M', 'SI', 'ALUMNO'),
('u202122928', 'Miguel', 'GARCÍA', 'BRACHO', 'Ingeniería de Sistemas de Información', 'M', 'VI', 'ALUMNO'),
('u201225381', 'Arthur', 'ZAPANA', 'BRIONES', 'Ingeniería Electrónica', 'M', 'SM', 'ALUMNO'),
('u201618458', 'Fernando', 'SALINAS', 'BUENDÍA', 'Ingeniería de Sistemas de Información', 'M', 'SI', 'ALUMNO'),
('u201612472', 'Gustavo', 'DE PAZ', 'BURGOS', 'Ingeniería Mecatrónica', 'M', 'VI', 'ALUMNO'),
('u201611288', 'Dennis', 'INCHE', 'CABRAL', 'Ingeniería Electrónica', 'M', 'MO', 'ALUMNO'),
('u202115897', 'José', 'MORENO', 'CALDERÓN', 'Ingeniería Electrónica', 'M', 'SM', 'ALUMNO'),
('u201126966', 'Joaquín', 'BUENO', 'CALDERÓN', 'Ingeniería Electrónica', 'M', 'MO', 'ALUMNO'),
('kalun.lau', 'Kalun', 'LAU', 'GAN', 'Ingeniería Electrónica', 'M', NULL, 'DOCENTE'),
('u201810100', 'Molly', 'DOMINGUEZ', 'ÁVILA', 'Ingeniería Electrónica', 'F', 'MO', 'ALUMNO'),
('u201710100', 'Luis', 'VALERIO', 'POMA', 'Ingeniería Electrónica', 'M', 'SM', 'ALUMNO'),
('u20171d412', 'Fiorela', 'Manco', 'Fernández', 'Ingeniería Electrónica', 'F', 'MO', 'ALUMNO'),
('guillermo.kemper', 'Guillermo', 'Kemper', 'Velasquez', 'Ingeniería Electrónica', 'M', NULL, 'DOCENTE');

-- --------------------------------------------------------

--
-- Estructura de tabla para la tabla `programacion`
--

DROP TABLE IF EXISTS `programacion`;
CREATE TABLE IF NOT EXISTS `programacion` (
  `idsesion` int(6) NOT NULL AUTO_INCREMENT,
  `id` int(6) NOT NULL,
  `fecha` date NOT NULL,
  `docente` varchar(40) COLLATE utf8_spanish_ci DEFAULT NULL,
  `coddocente` varchar(40) COLLATE utf8_spanish_ci DEFAULT NULL,
  PRIMARY KEY (`idsesion`),
  KEY `id` (`id`)
) ENGINE=MyISAM AUTO_INCREMENT=11 DEFAULT CHARSET=utf8 COLLATE=utf8_spanish_ci;

--
-- Volcado de datos para la tabla `programacion`
--

INSERT INTO `programacion` (`idsesion`, `id`, `fecha`, `docente`, `coddocente`) VALUES
(1, 45, '2021-09-22', 'Sergio Salas Arriarán', 'sergio.salas'),
(2, 46, '2021-09-24', 'Sergio Salas Arriarán', 'sergio.salas'),
(3, 47, '2021-09-25', 'Rubén Acosta Jacinto', 'ruben.acosta'),
(4, 48, '2021-09-23', 'Juan Bernal Frisancho', 'juan.bernal'),
(5, 40, '2021-09-20', 'Sergio Salas Arriarán', 'sergio.salas'),
(6, 41, '2021-09-24', 'Kalun Lau Gan', 'kalun.lau'),
(7, 42, '2021-09-22', 'Kalun Lau Gan', 'kalun.lau'),
(8, 43, '2021-09-20', 'Kalun Lau Gan', 'kalun.lau'),
(9, 44, '2021-09-21', 'Kalun Lau Gan', 'kalun.lau'),
(10, 23, '2021-10-05', 'Juan Bernal Frisancho', 'juan.bernal');

-- --------------------------------------------------------

--
-- Estructura de tabla para la tabla `usuarios`
--

DROP TABLE IF EXISTS `usuarios`;
CREATE TABLE IF NOT EXISTS `usuarios` (
  `codigo` varchar(40) COLLATE utf8_spanish_ci NOT NULL,
  `clave` blob NOT NULL,
  `estado` enum('ADMIN','DOCENTE','ALUMNO','') COLLATE utf8_spanish_ci NOT NULL,
  `veces` int(11) NOT NULL DEFAULT '0',
  PRIMARY KEY (`codigo`)
) ENGINE=MyISAM DEFAULT CHARSET=utf8 COLLATE=utf8_spanish_ci;

--
-- Volcado de datos para la tabla `usuarios`
--

INSERT INTO `usuarios` (`codigo`, `clave`, `estado`, `veces`) VALUES
('sergio.salas', 0x29cd74bafffcdf8fa220452d67d3153a, 'ADMIN', 47),
('kalun.lau', 0x0076e4cca9f87d9abc9027f40ba31fd7, 'DOCENTE', 67),
('u201810100', 0x29cd74bafffcdf8fa220452d67d3153a, 'ALUMNO', 9),
('u201710100', 0x29cd74bafffcdf8fa220452d67d3153a, 'ALUMNO', 0),
('u20171d412', 0x9f30bbd310e65e3378b3775e2a73324b, 'ALUMNO', 0),
('u201929130', 0x29cd74bafffcdf8fa220452d67d3153a, 'ALUMNO', 0),
('u201222507', 0x29cd74bafffcdf8fa220452d67d3153a, 'ALUMNO', 0),
('u201221473', 0x29cd74bafffcdf8fa220452d67d3153a, 'ALUMNO', 0),
('u201427618', 0x29cd74bafffcdf8fa220452d67d3153a, 'ALUMNO', 0),
('u201718847', 0x29cd74bafffcdf8fa220452d67d3153a, 'ALUMNO', 0),
('u201210610\r\n', 0x29cd74bafffcdf8fa220452d67d3153a, 'ALUMNO', 0),
('u201722670', 0x29cd74bafffcdf8fa220452d67d3153a, 'ALUMNO', 0),
('u201221990', 0x29cd74bafffcdf8fa220452d67d3153a, 'ALUMNO', 0),
('u202016073', 0x29cd74bafffcdf8fa220452d67d3153a, 'ALUMNO', 0),
('u201917874', 0x29cd74bafffcdf8fa220452d67d3153a, 'ALUMNO', 0),
('u201126966', 0x29cd74bafffcdf8fa220452d67d3153a, 'ALUMNO', 0);

-- --------------------------------------------------------

--
-- Estructura de tabla para la tabla `ventilacion`
--

DROP TABLE IF EXISTS `ventilacion`;
CREATE TABLE IF NOT EXISTS `ventilacion` (
  `idsesion` int(6) NOT NULL,
  `CO2aula` int(4) NOT NULL,
  `CO2externo` int(4) NOT NULL,
  `aforo` int(2) NOT NULL,
  `fecha` date NOT NULL,
  `hora` time NOT NULL,
  KEY `idsesion` (`idsesion`)
) ENGINE=MyISAM DEFAULT CHARSET=utf8 COLLATE=utf8_spanish_ci;

--
-- Volcado de datos para la tabla `ventilacion`
--

INSERT INTO `ventilacion` (`idsesion`, `CO2aula`, `CO2externo`, `aforo`, `fecha`, `hora`) VALUES
(1, 434, 379, 1, '2021-09-22', '09:00:00'),
(1, 436, 381, 1, '2021-09-22', '09:01:00'),
(1, 436, 381, 2, '2021-09-22', '09:02:00'),
(1, 434, 379, 2, '2021-09-22', '09:03:00'),
(1, 436, 381, 2, '2021-09-22', '09:04:00'),
(1, 436, 381, 3, '2021-09-22', '09:05:00'),
(1, 433, 378, 3, '2021-09-22', '09:06:00'),
(1, 434, 379, 3, '2021-09-22', '09:07:00'),
(1, 434, 379, 4, '2021-09-22', '09:08:00'),
(1, 435, 380, 4, '2021-09-22', '09:09:00'),
(1, 436, 381, 4, '2021-09-22', '09:10:00'),
(1, 441, 386, 5, '2021-09-22', '09:11:00'),
(1, 443, 388, 5, '2021-09-22', '09:12:00'),
(1, 440, 385, 5, '2021-09-22', '09:13:00'),
(1, 440, 385, 6, '2021-09-22', '09:14:00'),
(1, 440, 385, 6, '2021-09-22', '09:15:00'),
(1, 442, 387, 6, '2021-09-22', '09:16:00'),
(1, 440, 385, 7, '2021-09-22', '09:17:00'),
(1, 441, 386, 7, '2021-09-22', '09:18:00'),
(1, 440, 385, 7, '2021-09-22', '09:19:00'),
(1, 443, 388, 8, '2021-09-22', '09:20:00'),
(1, 448, 393, 8, '2021-09-22', '09:21:00'),
(1, 447, 392, 8, '2021-09-22', '09:22:00'),
(1, 448, 393, 9, '2021-09-22', '09:23:00'),
(1, 450, 395, 9, '2021-09-22', '09:24:00'),
(1, 447, 392, 9, '2021-09-22', '09:25:00'),
(1, 447, 392, 10, '2021-09-22', '09:26:00'),
(1, 447, 392, 10, '2021-09-22', '09:27:00'),
(1, 448, 393, 10, '2021-09-22', '09:28:00'),
(1, 450, 395, 11, '2021-09-22', '09:29:00'),
(1, 449, 394, 11, '2021-09-22', '09:30:00'),
(1, 456, 401, 11, '2021-09-22', '09:31:00'),
(1, 457, 402, 11, '2021-09-22', '09:32:00'),
(1, 457, 402, 11, '2021-09-22', '09:33:00'),
(1, 457, 402, 11, '2021-09-22', '09:34:00'),
(1, 454, 399, 11, '2021-09-22', '09:35:00'),
(1, 455, 400, 11, '2021-09-22', '09:36:00'),
(1, 457, 402, 11, '2021-09-22', '09:37:00'),
(1, 455, 400, 11, '2021-09-22', '09:38:00'),
(1, 454, 399, 11, '2021-09-22', '09:39:00'),
(1, 454, 399, 11, '2021-09-22', '09:40:00'),
(1, 463, 408, 11, '2021-09-22', '09:41:00'),
(1, 461, 406, 11, '2021-09-22', '09:42:00'),
(1, 464, 409, 11, '2021-09-22', '09:43:00'),
(1, 461, 406, 11, '2021-09-22', '09:44:00'),
(1, 462, 407, 11, '2021-09-22', '09:45:00'),
(1, 463, 408, 11, '2021-09-22', '09:46:00'),
(1, 462, 407, 11, '2021-09-22', '09:47:00'),
(1, 464, 409, 11, '2021-09-22', '09:48:00'),
(1, 462, 407, 11, '2021-09-22', '09:49:00'),
(1, 463, 408, 11, '2021-09-22', '09:50:00'),
(1, 462, 407, 11, '2021-09-22', '09:51:00'),
(1, 462, 407, 11, '2021-09-22', '09:52:00'),
(1, 461, 406, 11, '2021-09-22', '09:53:00'),
(1, 461, 406, 11, '2021-09-22', '09:54:00'),
(1, 461, 406, 11, '2021-09-22', '09:55:00'),
(1, 462, 407, 11, '2021-09-22', '09:56:00'),
(1, 461, 406, 11, '2021-09-22', '09:57:00'),
(1, 462, 407, 11, '2021-09-22', '09:58:00'),
(1, 461, 406, 11, '2021-09-22', '09:59:00'),
(1, 462, 407, 11, '2021-09-22', '10:00:00'),
(1, 462, 407, 11, '2021-09-22', '10:01:00'),
(1, 462, 407, 11, '2021-09-22', '10:02:00'),
(1, 461, 406, 11, '2021-09-22', '10:03:00'),
(1, 461, 406, 11, '2021-09-22', '10:04:00'),
(1, 461, 406, 11, '2021-09-22', '10:05:00'),
(1, 462, 407, 11, '2021-09-22', '10:06:00'),
(1, 461, 406, 11, '2021-09-22', '10:07:00'),
(1, 462, 407, 11, '2021-09-22', '10:08:00'),
(1, 462, 407, 11, '2021-09-22', '10:09:00'),
(1, 461, 406, 11, '2021-09-22', '10:10:00'),
(1, 461, 406, 11, '2021-09-22', '10:11:00'),
(1, 461, 406, 11, '2021-09-22', '10:12:00'),
(1, 461, 406, 11, '2021-09-22', '10:13:00'),
(1, 461, 406, 11, '2021-09-22', '10:14:00'),
(1, 462, 407, 11, '2021-09-22', '10:15:00'),
(1, 462, 407, 11, '2021-09-22', '10:16:00'),
(1, 461, 406, 11, '2021-09-22', '10:17:00'),
(1, 462, 407, 11, '2021-09-22', '10:18:00'),
(1, 462, 407, 11, '2021-09-22', '10:19:00'),
(1, 461, 406, 11, '2021-09-22', '10:20:00'),
(1, 461, 406, 11, '2021-09-22', '10:21:00'),
(1, 461, 406, 11, '2021-09-22', '10:22:00'),
(1, 462, 407, 11, '2021-09-22', '10:23:00'),
(1, 461, 406, 11, '2021-09-22', '10:24:00'),
(1, 462, 407, 11, '2021-09-22', '10:25:00'),
(1, 462, 407, 11, '2021-09-22', '10:26:00'),
(1, 462, 407, 11, '2021-09-22', '10:27:00'),
(1, 461, 406, 11, '2021-09-22', '10:28:00'),
(1, 461, 406, 11, '2021-09-22', '10:29:00'),
(1, 462, 407, 11, '2021-09-22', '10:30:00'),
(1, 462, 407, 11, '2021-09-22', '10:31:00'),
(1, 461, 406, 11, '2021-09-22', '10:32:00'),
(1, 462, 407, 11, '2021-09-22', '10:33:00'),
(1, 461, 406, 11, '2021-09-22', '10:34:00'),
(1, 461, 406, 11, '2021-09-22', '10:35:00'),
(1, 461, 406, 11, '2021-09-22', '10:36:00'),
(1, 462, 407, 11, '2021-09-22', '10:37:00'),
(1, 461, 406, 11, '2021-09-22', '10:38:00'),
(1, 462, 407, 11, '2021-09-22', '10:39:00'),
(1, 462, 407, 11, '2021-09-22', '10:40:00'),
(1, 462, 407, 11, '2021-09-22', '10:41:00'),
(1, 462, 407, 11, '2021-09-22', '10:42:00'),
(1, 462, 407, 11, '2021-09-22', '10:43:00'),
(1, 461, 406, 11, '2021-09-22', '10:44:00'),
(1, 461, 406, 11, '2021-09-22', '10:45:00'),
(1, 462, 407, 11, '2021-09-22', '10:46:00'),
(1, 462, 407, 11, '2021-09-22', '10:47:00'),
(1, 462, 407, 11, '2021-09-22', '10:48:00'),
(1, 462, 407, 11, '2021-09-22', '10:49:00'),
(1, 461, 406, 11, '2021-09-22', '10:50:00'),
(1, 461, 406, 11, '2021-09-22', '10:51:00'),
(1, 462, 407, 11, '2021-09-22', '10:52:00'),
(1, 462, 407, 11, '2021-09-22', '10:53:00'),
(1, 462, 407, 11, '2021-09-22', '10:54:00'),
(1, 462, 407, 11, '2021-09-22', '10:55:00'),
(1, 461, 406, 11, '2021-09-22', '10:56:00'),
(1, 462, 407, 11, '2021-09-22', '10:57:00'),
(1, 462, 407, 11, '2021-09-22', '10:58:00'),
(1, 461, 406, 11, '2021-09-22', '10:59:00'),
(2, 433, 378, 1, '2021-09-24', '09:00:00'),
(2, 433, 378, 1, '2021-09-24', '09:01:00'),
(2, 433, 378, 2, '2021-09-24', '09:02:00'),
(2, 436, 381, 2, '2021-09-24', '09:03:00'),
(2, 435, 380, 2, '2021-09-24', '09:04:00'),
(2, 435, 380, 3, '2021-09-24', '09:05:00'),
(2, 433, 378, 3, '2021-09-24', '09:06:00'),
(2, 436, 381, 3, '2021-09-24', '09:07:00'),
(2, 435, 380, 4, '2021-09-24', '09:08:00'),
(2, 435, 380, 4, '2021-09-24', '09:09:00'),
(2, 433, 378, 4, '2021-09-24', '09:10:00'),
(2, 441, 386, 5, '2021-09-24', '09:11:00'),
(2, 443, 388, 5, '2021-09-24', '09:12:00'),
(2, 440, 385, 5, '2021-09-24', '09:13:00'),
(2, 440, 385, 6, '2021-09-24', '09:14:00'),
(2, 442, 387, 6, '2021-09-24', '09:15:00'),
(2, 441, 386, 6, '2021-09-24', '09:16:00'),
(2, 440, 385, 7, '2021-09-24', '09:17:00'),
(2, 443, 388, 7, '2021-09-24', '09:18:00'),
(2, 440, 385, 7, '2021-09-24', '09:19:00'),
(2, 440, 385, 8, '2021-09-24', '09:20:00'),
(2, 450, 395, 8, '2021-09-24', '09:21:00'),
(2, 447, 392, 8, '2021-09-24', '09:22:00'),
(2, 447, 392, 9, '2021-09-24', '09:23:00'),
(2, 449, 394, 9, '2021-09-24', '09:24:00'),
(2, 449, 394, 9, '2021-09-24', '09:25:00'),
(2, 449, 394, 10, '2021-09-24', '09:26:00'),
(2, 448, 393, 10, '2021-09-24', '09:27:00'),
(2, 448, 393, 10, '2021-09-24', '09:28:00'),
(2, 448, 393, 11, '2021-09-24', '09:29:00'),
(2, 448, 393, 11, '2021-09-24', '09:30:00'),
(2, 455, 400, 11, '2021-09-24', '09:31:00'),
(2, 457, 402, 11, '2021-09-24', '09:32:00'),
(2, 457, 402, 11, '2021-09-24', '09:33:00'),
(2, 456, 401, 11, '2021-09-24', '09:34:00'),
(2, 454, 399, 11, '2021-09-24', '09:35:00'),
(2, 456, 401, 11, '2021-09-24', '09:36:00'),
(2, 454, 399, 11, '2021-09-24', '09:37:00'),
(2, 457, 402, 11, '2021-09-24', '09:38:00'),
(2, 456, 401, 11, '2021-09-24', '09:39:00'),
(2, 456, 401, 11, '2021-09-24', '09:40:00'),
(2, 463, 408, 11, '2021-09-24', '09:41:00'),
(2, 463, 408, 11, '2021-09-24', '09:42:00'),
(2, 462, 407, 11, '2021-09-24', '09:43:00'),
(2, 461, 406, 11, '2021-09-24', '09:44:00'),
(2, 463, 408, 11, '2021-09-24', '09:45:00'),
(2, 462, 407, 11, '2021-09-24', '09:46:00'),
(2, 461, 406, 11, '2021-09-24', '09:47:00'),
(2, 461, 406, 11, '2021-09-24', '09:48:00'),
(2, 463, 408, 11, '2021-09-24', '09:49:00'),
(2, 463, 408, 11, '2021-09-24', '09:50:00'),
(2, 461, 406, 11, '2021-09-24', '09:51:00'),
(2, 462, 407, 11, '2021-09-24', '09:52:00'),
(2, 462, 407, 11, '2021-09-24', '09:53:00'),
(2, 461, 406, 11, '2021-09-24', '09:54:00'),
(2, 461, 406, 11, '2021-09-24', '09:55:00'),
(2, 462, 407, 11, '2021-09-24', '09:56:00'),
(2, 461, 406, 11, '2021-09-24', '09:57:00'),
(2, 462, 407, 11, '2021-09-24', '09:58:00'),
(2, 462, 407, 11, '2021-09-24', '09:59:00'),
(2, 461, 406, 11, '2021-09-24', '10:00:00'),
(2, 462, 407, 11, '2021-09-24', '10:01:00'),
(2, 461, 406, 11, '2021-09-24', '10:02:00'),
(2, 462, 407, 11, '2021-09-24', '10:03:00'),
(2, 461, 406, 11, '2021-09-24', '10:04:00'),
(2, 462, 407, 11, '2021-09-24', '10:05:00'),
(2, 461, 406, 11, '2021-09-24', '10:06:00'),
(2, 462, 407, 11, '2021-09-24', '10:07:00'),
(2, 461, 406, 11, '2021-09-24', '10:08:00'),
(2, 462, 407, 11, '2021-09-24', '10:09:00'),
(2, 462, 407, 11, '2021-09-24', '10:10:00'),
(2, 462, 407, 11, '2021-09-24', '10:11:00'),
(2, 462, 407, 11, '2021-09-24', '10:12:00'),
(2, 462, 407, 11, '2021-09-24', '10:13:00'),
(2, 461, 406, 11, '2021-09-24', '10:14:00'),
(2, 462, 407, 11, '2021-09-24', '10:15:00'),
(2, 461, 406, 11, '2021-09-24', '10:16:00'),
(2, 462, 407, 11, '2021-09-24', '10:17:00'),
(2, 461, 406, 11, '2021-09-24', '10:18:00'),
(2, 461, 406, 11, '2021-09-24', '10:19:00'),
(2, 461, 406, 11, '2021-09-24', '10:20:00'),
(2, 462, 407, 11, '2021-09-24', '10:21:00'),
(2, 462, 407, 11, '2021-09-24', '10:22:00'),
(2, 462, 407, 11, '2021-09-24', '10:23:00'),
(2, 462, 407, 11, '2021-09-24', '10:24:00'),
(2, 462, 407, 11, '2021-09-24', '10:25:00'),
(2, 462, 407, 11, '2021-09-24', '10:26:00'),
(2, 461, 406, 11, '2021-09-24', '10:27:00'),
(2, 462, 407, 11, '2021-09-24', '10:28:00'),
(2, 462, 407, 11, '2021-09-24', '10:29:00'),
(2, 461, 406, 11, '2021-09-24', '10:30:00'),
(2, 462, 407, 11, '2021-09-24', '10:31:00'),
(2, 462, 407, 11, '2021-09-24', '10:32:00'),
(2, 461, 406, 11, '2021-09-24', '10:33:00'),
(2, 462, 407, 11, '2021-09-24', '10:34:00'),
(2, 461, 406, 11, '2021-09-24', '10:35:00'),
(2, 462, 407, 11, '2021-09-24', '10:36:00'),
(2, 461, 406, 11, '2021-09-24', '10:37:00'),
(2, 461, 406, 11, '2021-09-24', '10:38:00'),
(2, 462, 407, 11, '2021-09-24', '10:39:00'),
(2, 461, 406, 11, '2021-09-24', '10:40:00'),
(2, 461, 406, 11, '2021-09-24', '10:41:00'),
(2, 461, 406, 11, '2021-09-24', '10:42:00'),
(2, 462, 407, 11, '2021-09-24', '10:43:00'),
(2, 462, 407, 11, '2021-09-24', '10:44:00'),
(2, 462, 407, 11, '2021-09-24', '10:45:00'),
(2, 462, 407, 11, '2021-09-24', '10:46:00'),
(2, 462, 407, 11, '2021-09-24', '10:47:00'),
(2, 462, 407, 11, '2021-09-24', '10:48:00'),
(2, 461, 406, 11, '2021-09-24', '10:49:00'),
(2, 462, 407, 11, '2021-09-24', '10:50:00'),
(2, 461, 406, 11, '2021-09-24', '10:51:00'),
(2, 461, 406, 11, '2021-09-24', '10:52:00'),
(2, 462, 407, 11, '2021-09-24', '10:53:00'),
(2, 461, 406, 11, '2021-09-24', '10:54:00'),
(2, 461, 406, 11, '2021-09-24', '10:55:00'),
(2, 462, 407, 11, '2021-09-24', '10:56:00'),
(2, 462, 407, 11, '2021-09-24', '10:57:00'),
(2, 462, 407, 11, '2021-09-24', '10:58:00'),
(2, 462, 407, 11, '2021-09-24', '10:59:00'),
(3, 426, 371, 1, '2021-09-25', '09:00:00'),
(3, 428, 373, 1, '2021-09-25', '09:01:00'),
(3, 426, 371, 2, '2021-09-25', '09:02:00'),
(3, 425, 370, 2, '2021-09-25', '09:03:00'),
(3, 426, 371, 2, '2021-09-25', '09:04:00'),
(3, 425, 370, 3, '2021-09-25', '09:05:00'),
(3, 427, 372, 3, '2021-09-25', '09:06:00'),
(3, 426, 371, 3, '2021-09-25', '09:07:00'),
(3, 428, 373, 4, '2021-09-25', '09:08:00'),
(3, 428, 373, 4, '2021-09-25', '09:09:00'),
(3, 428, 373, 4, '2021-09-25', '09:10:00'),
(3, 433, 378, 5, '2021-09-25', '09:11:00'),
(3, 435, 380, 5, '2021-09-25', '09:12:00'),
(3, 432, 377, 5, '2021-09-25', '09:13:00'),
(3, 434, 379, 6, '2021-09-25', '09:14:00'),
(3, 433, 378, 6, '2021-09-25', '09:15:00'),
(3, 434, 379, 6, '2021-09-25', '09:16:00'),
(3, 432, 377, 7, '2021-09-25', '09:17:00'),
(3, 434, 379, 7, '2021-09-25', '09:18:00'),
(3, 432, 377, 7, '2021-09-25', '09:19:00'),
(3, 434, 379, 8, '2021-09-25', '09:20:00'),
(3, 442, 387, 8, '2021-09-25', '09:21:00'),
(3, 441, 386, 8, '2021-09-25', '09:22:00'),
(3, 439, 384, 9, '2021-09-25', '09:23:00'),
(3, 439, 384, 9, '2021-09-25', '09:24:00'),
(3, 441, 386, 9, '2021-09-25', '09:25:00'),
(3, 442, 387, 10, '2021-09-25', '09:26:00'),
(3, 441, 386, 10, '2021-09-25', '09:27:00'),
(3, 439, 384, 10, '2021-09-25', '09:28:00'),
(3, 440, 385, 10, '2021-09-25', '09:29:00'),
(3, 442, 387, 10, '2021-09-25', '09:30:00'),
(3, 449, 394, 10, '2021-09-25', '09:31:00'),
(3, 446, 391, 10, '2021-09-25', '09:32:00'),
(3, 449, 394, 10, '2021-09-25', '09:33:00'),
(3, 448, 393, 10, '2021-09-25', '09:34:00'),
(3, 446, 391, 10, '2021-09-25', '09:35:00'),
(3, 449, 394, 10, '2021-09-25', '09:36:00'),
(3, 449, 394, 10, '2021-09-25', '09:37:00'),
(3, 449, 394, 10, '2021-09-25', '09:38:00'),
(3, 447, 392, 10, '2021-09-25', '09:39:00'),
(3, 447, 392, 10, '2021-09-25', '09:40:00'),
(3, 455, 400, 10, '2021-09-25', '09:41:00'),
(3, 453, 398, 10, '2021-09-25', '09:42:00'),
(3, 455, 400, 10, '2021-09-25', '09:43:00'),
(3, 455, 400, 10, '2021-09-25', '09:44:00'),
(3, 456, 401, 10, '2021-09-25', '09:45:00'),
(3, 453, 398, 10, '2021-09-25', '09:46:00'),
(3, 455, 400, 10, '2021-09-25', '09:47:00'),
(3, 454, 399, 10, '2021-09-25', '09:48:00'),
(3, 453, 398, 10, '2021-09-25', '09:49:00'),
(3, 455, 400, 10, '2021-09-25', '09:50:00'),
(3, 453, 398, 10, '2021-09-25', '09:51:00'),
(3, 453, 398, 10, '2021-09-25', '09:52:00'),
(3, 454, 399, 10, '2021-09-25', '09:53:00'),
(3, 454, 399, 10, '2021-09-25', '09:54:00'),
(3, 454, 399, 10, '2021-09-25', '09:55:00'),
(3, 454, 399, 10, '2021-09-25', '09:56:00'),
(3, 454, 399, 10, '2021-09-25', '09:57:00'),
(3, 454, 399, 10, '2021-09-25', '09:58:00'),
(3, 454, 399, 10, '2021-09-25', '09:59:00'),
(3, 454, 399, 10, '2021-09-25', '10:00:00'),
(3, 453, 398, 10, '2021-09-25', '10:01:00'),
(3, 453, 398, 10, '2021-09-25', '10:02:00'),
(3, 454, 399, 10, '2021-09-25', '10:03:00'),
(3, 454, 399, 10, '2021-09-25', '10:04:00'),
(3, 453, 398, 10, '2021-09-25', '10:05:00'),
(3, 453, 398, 10, '2021-09-25', '10:06:00'),
(3, 454, 399, 10, '2021-09-25', '10:07:00'),
(3, 454, 399, 10, '2021-09-25', '10:08:00'),
(3, 454, 399, 10, '2021-09-25', '10:09:00'),
(3, 454, 399, 10, '2021-09-25', '10:10:00'),
(3, 453, 398, 10, '2021-09-25', '10:11:00'),
(3, 453, 398, 10, '2021-09-25', '10:12:00'),
(3, 453, 398, 10, '2021-09-25', '10:13:00'),
(3, 454, 399, 10, '2021-09-25', '10:14:00'),
(3, 453, 398, 10, '2021-09-25', '10:15:00'),
(3, 454, 399, 10, '2021-09-25', '10:16:00'),
(3, 453, 398, 10, '2021-09-25', '10:17:00'),
(3, 453, 398, 10, '2021-09-25', '10:18:00'),
(3, 453, 398, 10, '2021-09-25', '10:19:00'),
(3, 453, 398, 10, '2021-09-25', '10:20:00'),
(3, 454, 399, 10, '2021-09-25', '10:21:00'),
(3, 454, 399, 10, '2021-09-25', '10:22:00'),
(3, 454, 399, 10, '2021-09-25', '10:23:00'),
(3, 453, 398, 10, '2021-09-25', '10:24:00'),
(3, 453, 398, 10, '2021-09-25', '10:25:00'),
(3, 454, 399, 10, '2021-09-25', '10:26:00'),
(3, 453, 398, 10, '2021-09-25', '10:27:00'),
(3, 453, 398, 10, '2021-09-25', '10:28:00'),
(3, 454, 399, 10, '2021-09-25', '10:29:00'),
(3, 454, 399, 10, '2021-09-25', '10:30:00'),
(3, 453, 398, 10, '2021-09-25', '10:31:00'),
(3, 454, 399, 10, '2021-09-25', '10:32:00'),
(3, 453, 398, 10, '2021-09-25', '10:33:00'),
(3, 454, 399, 10, '2021-09-25', '10:34:00'),
(3, 453, 398, 10, '2021-09-25', '10:35:00'),
(3, 454, 399, 10, '2021-09-25', '10:36:00'),
(3, 454, 399, 10, '2021-09-25', '10:37:00'),
(3, 453, 398, 10, '2021-09-25', '10:38:00'),
(3, 453, 398, 10, '2021-09-25', '10:39:00'),
(3, 453, 398, 10, '2021-09-25', '10:40:00'),
(3, 453, 398, 10, '2021-09-25', '10:41:00'),
(3, 454, 399, 10, '2021-09-25', '10:42:00'),
(3, 454, 399, 10, '2021-09-25', '10:43:00'),
(3, 453, 398, 10, '2021-09-25', '10:44:00'),
(3, 453, 398, 10, '2021-09-25', '10:45:00'),
(3, 453, 398, 10, '2021-09-25', '10:46:00'),
(3, 453, 398, 10, '2021-09-25', '10:47:00'),
(3, 453, 398, 10, '2021-09-25', '10:48:00'),
(3, 453, 398, 10, '2021-09-25', '10:49:00'),
(3, 454, 399, 10, '2021-09-25', '10:50:00'),
(3, 453, 398, 10, '2021-09-25', '10:51:00'),
(3, 454, 399, 10, '2021-09-25', '10:52:00'),
(3, 453, 398, 10, '2021-09-25', '10:53:00'),
(3, 453, 398, 10, '2021-09-25', '10:54:00'),
(3, 454, 399, 10, '2021-09-25', '10:55:00'),
(3, 454, 399, 10, '2021-09-25', '10:56:00'),
(3, 453, 398, 10, '2021-09-25', '10:57:00'),
(3, 453, 398, 10, '2021-09-25', '10:58:00'),
(3, 453, 398, 10, '2021-09-25', '10:59:00'),
(3, 453, 398, 10, '2021-09-25', '11:00:00'),
(3, 454, 399, 10, '2021-09-25', '11:01:00'),
(3, 453, 398, 10, '2021-09-25', '11:02:00'),
(3, 454, 399, 10, '2021-09-25', '11:03:00'),
(3, 453, 398, 10, '2021-09-25', '11:04:00'),
(3, 453, 398, 10, '2021-09-25', '11:05:00'),
(3, 453, 398, 10, '2021-09-25', '11:06:00'),
(3, 454, 399, 10, '2021-09-25', '11:07:00'),
(3, 454, 399, 10, '2021-09-25', '11:08:00'),
(3, 454, 399, 10, '2021-09-25', '11:09:00'),
(3, 453, 398, 10, '2021-09-25', '11:10:00'),
(3, 454, 399, 10, '2021-09-25', '11:11:00'),
(3, 454, 399, 10, '2021-09-25', '11:12:00'),
(3, 454, 399, 10, '2021-09-25', '11:13:00'),
(3, 454, 399, 10, '2021-09-25', '11:14:00'),
(3, 453, 398, 10, '2021-09-25', '11:15:00'),
(3, 454, 399, 10, '2021-09-25', '11:16:00'),
(3, 454, 399, 10, '2021-09-25', '11:17:00'),
(3, 454, 399, 10, '2021-09-25', '11:18:00'),
(3, 454, 399, 10, '2021-09-25', '11:19:00'),
(3, 454, 399, 10, '2021-09-25', '11:20:00'),
(3, 454, 399, 10, '2021-09-25', '11:21:00'),
(3, 453, 398, 10, '2021-09-25', '11:22:00'),
(3, 454, 399, 10, '2021-09-25', '11:23:00'),
(3, 453, 398, 10, '2021-09-25', '11:24:00'),
(3, 453, 398, 10, '2021-09-25', '11:25:00'),
(3, 454, 399, 10, '2021-09-25', '11:26:00'),
(3, 453, 398, 10, '2021-09-25', '11:27:00'),
(3, 454, 399, 10, '2021-09-25', '11:28:00'),
(3, 454, 399, 10, '2021-09-25', '11:29:00'),
(3, 453, 398, 10, '2021-09-25', '11:30:00'),
(3, 454, 399, 10, '2021-09-25', '11:31:00'),
(3, 453, 398, 10, '2021-09-25', '11:32:00'),
(3, 453, 398, 10, '2021-09-25', '11:33:00'),
(3, 453, 398, 10, '2021-09-25', '11:34:00'),
(3, 454, 399, 10, '2021-09-25', '11:35:00'),
(3, 453, 398, 10, '2021-09-25', '11:36:00'),
(3, 453, 398, 10, '2021-09-25', '11:37:00'),
(3, 454, 399, 10, '2021-09-25', '11:38:00'),
(3, 453, 398, 10, '2021-09-25', '11:39:00'),
(3, 454, 399, 10, '2021-09-25', '11:40:00'),
(3, 453, 398, 10, '2021-09-25', '11:41:00'),
(3, 453, 398, 10, '2021-09-25', '11:42:00'),
(3, 453, 398, 10, '2021-09-25', '11:43:00'),
(3, 453, 398, 10, '2021-09-25', '11:44:00'),
(3, 453, 398, 10, '2021-09-25', '11:45:00'),
(3, 454, 399, 10, '2021-09-25', '11:46:00'),
(3, 454, 399, 10, '2021-09-25', '11:47:00'),
(3, 453, 398, 10, '2021-09-25', '11:48:00'),
(3, 454, 399, 10, '2021-09-25', '11:49:00'),
(3, 453, 398, 10, '2021-09-25', '11:50:00'),
(3, 453, 398, 10, '2021-09-25', '11:51:00'),
(3, 454, 399, 10, '2021-09-25', '11:52:00'),
(3, 454, 399, 10, '2021-09-25', '11:53:00'),
(3, 454, 399, 10, '2021-09-25', '11:54:00'),
(3, 453, 398, 10, '2021-09-25', '11:55:00'),
(3, 454, 399, 10, '2021-09-25', '11:56:00'),
(3, 454, 399, 10, '2021-09-25', '11:57:00'),
(3, 454, 399, 10, '2021-09-25', '11:58:00'),
(3, 453, 398, 10, '2021-09-25', '11:59:00'),
(4, 435, 380, 1, '2021-09-23', '10:00:00'),
(4, 436, 381, 1, '2021-09-23', '10:01:00'),
(4, 438, 383, 2, '2021-09-23', '10:02:00'),
(4, 436, 381, 2, '2021-09-23', '10:03:00'),
(4, 436, 381, 2, '2021-09-23', '10:04:00'),
(4, 437, 382, 3, '2021-09-23', '10:05:00'),
(4, 438, 383, 3, '2021-09-23', '10:06:00'),
(4, 438, 383, 3, '2021-09-23', '10:07:00'),
(4, 438, 383, 4, '2021-09-23', '10:08:00'),
(4, 438, 383, 4, '2021-09-23', '10:09:00'),
(4, 436, 381, 4, '2021-09-23', '10:10:00'),
(4, 443, 388, 5, '2021-09-23', '10:11:00'),
(4, 443, 388, 5, '2021-09-23', '10:12:00'),
(4, 442, 387, 5, '2021-09-23', '10:13:00'),
(4, 445, 390, 6, '2021-09-23', '10:14:00'),
(4, 445, 390, 6, '2021-09-23', '10:15:00'),
(4, 442, 387, 6, '2021-09-23', '10:16:00'),
(4, 443, 388, 7, '2021-09-23', '10:17:00'),
(4, 442, 387, 7, '2021-09-23', '10:18:00'),
(4, 443, 388, 7, '2021-09-23', '10:19:00'),
(4, 445, 390, 8, '2021-09-23', '10:20:00'),
(4, 449, 394, 8, '2021-09-23', '10:21:00'),
(4, 452, 397, 8, '2021-09-23', '10:22:00'),
(4, 451, 396, 9, '2021-09-23', '10:23:00'),
(4, 449, 394, 9, '2021-09-23', '10:24:00'),
(4, 452, 397, 9, '2021-09-23', '10:25:00'),
(4, 449, 394, 9, '2021-09-23', '10:26:00'),
(4, 451, 396, 9, '2021-09-23', '10:27:00'),
(4, 451, 396, 9, '2021-09-23', '10:28:00'),
(4, 451, 396, 9, '2021-09-23', '10:29:00'),
(4, 451, 396, 9, '2021-09-23', '10:30:00'),
(4, 458, 403, 9, '2021-09-23', '10:31:00'),
(4, 459, 404, 9, '2021-09-23', '10:32:00'),
(4, 459, 404, 9, '2021-09-23', '10:33:00'),
(4, 457, 402, 9, '2021-09-23', '10:34:00'),
(4, 457, 402, 9, '2021-09-23', '10:35:00'),
(4, 456, 401, 9, '2021-09-23', '10:36:00'),
(4, 459, 404, 9, '2021-09-23', '10:37:00'),
(4, 458, 403, 9, '2021-09-23', '10:38:00'),
(4, 457, 402, 9, '2021-09-23', '10:39:00'),
(4, 459, 404, 9, '2021-09-23', '10:40:00'),
(4, 464, 409, 9, '2021-09-23', '10:41:00'),
(4, 464, 409, 9, '2021-09-23', '10:42:00'),
(4, 464, 409, 9, '2021-09-23', '10:43:00'),
(4, 465, 410, 9, '2021-09-23', '10:44:00'),
(4, 466, 411, 9, '2021-09-23', '10:45:00'),
(4, 465, 410, 9, '2021-09-23', '10:46:00'),
(4, 464, 409, 9, '2021-09-23', '10:47:00'),
(4, 464, 409, 9, '2021-09-23', '10:48:00'),
(4, 465, 410, 9, '2021-09-23', '10:49:00'),
(4, 463, 408, 9, '2021-09-23', '10:50:00'),
(4, 464, 409, 9, '2021-09-23', '10:51:00'),
(4, 464, 409, 9, '2021-09-23', '10:52:00'),
(4, 464, 409, 9, '2021-09-23', '10:53:00'),
(4, 464, 409, 9, '2021-09-23', '10:54:00'),
(4, 464, 409, 9, '2021-09-23', '10:55:00'),
(4, 463, 408, 9, '2021-09-23', '10:56:00'),
(4, 463, 408, 9, '2021-09-23', '10:57:00'),
(4, 463, 408, 9, '2021-09-23', '10:58:00'),
(4, 463, 408, 9, '2021-09-23', '10:59:00'),
(4, 463, 408, 9, '2021-09-23', '11:00:00'),
(4, 464, 409, 9, '2021-09-23', '11:01:00'),
(4, 463, 408, 9, '2021-09-23', '11:02:00'),
(4, 464, 409, 9, '2021-09-23', '11:03:00'),
(4, 463, 408, 9, '2021-09-23', '11:04:00'),
(4, 463, 408, 9, '2021-09-23', '11:05:00'),
(4, 464, 409, 9, '2021-09-23', '11:06:00'),
(4, 463, 408, 9, '2021-09-23', '11:07:00'),
(4, 464, 409, 9, '2021-09-23', '11:08:00'),
(4, 464, 409, 9, '2021-09-23', '11:09:00'),
(4, 463, 408, 9, '2021-09-23', '11:10:00'),
(4, 463, 408, 9, '2021-09-23', '11:11:00'),
(4, 464, 409, 9, '2021-09-23', '11:12:00'),
(4, 463, 408, 9, '2021-09-23', '11:13:00'),
(4, 463, 408, 9, '2021-09-23', '11:14:00'),
(4, 463, 408, 9, '2021-09-23', '11:15:00'),
(4, 464, 409, 9, '2021-09-23', '11:16:00'),
(4, 464, 409, 9, '2021-09-23', '11:17:00'),
(4, 463, 408, 9, '2021-09-23', '11:18:00'),
(4, 464, 409, 9, '2021-09-23', '11:19:00'),
(4, 463, 408, 9, '2021-09-23', '11:20:00'),
(4, 463, 408, 9, '2021-09-23', '11:21:00'),
(4, 463, 408, 9, '2021-09-23', '11:22:00'),
(4, 464, 409, 9, '2021-09-23', '11:23:00'),
(4, 463, 408, 9, '2021-09-23', '11:24:00'),
(4, 463, 408, 9, '2021-09-23', '11:25:00'),
(4, 463, 408, 9, '2021-09-23', '11:26:00'),
(4, 464, 409, 9, '2021-09-23', '11:27:00'),
(4, 464, 409, 9, '2021-09-23', '11:28:00'),
(4, 464, 409, 9, '2021-09-23', '11:29:00'),
(4, 464, 409, 9, '2021-09-23', '11:30:00'),
(4, 464, 409, 9, '2021-09-23', '11:31:00'),
(4, 464, 409, 9, '2021-09-23', '11:32:00'),
(4, 463, 408, 9, '2021-09-23', '11:33:00'),
(4, 464, 409, 9, '2021-09-23', '11:34:00'),
(4, 463, 408, 9, '2021-09-23', '11:35:00'),
(4, 463, 408, 9, '2021-09-23', '11:36:00'),
(4, 463, 408, 9, '2021-09-23', '11:37:00'),
(4, 464, 409, 9, '2021-09-23', '11:38:00'),
(4, 463, 408, 9, '2021-09-23', '11:39:00'),
(4, 463, 408, 9, '2021-09-23', '11:40:00'),
(4, 464, 409, 9, '2021-09-23', '11:41:00'),
(4, 463, 408, 9, '2021-09-23', '11:42:00'),
(4, 464, 409, 9, '2021-09-23', '11:43:00'),
(4, 463, 408, 9, '2021-09-23', '11:44:00'),
(4, 464, 409, 9, '2021-09-23', '11:45:00'),
(4, 464, 409, 9, '2021-09-23', '11:46:00'),
(4, 464, 409, 9, '2021-09-23', '11:47:00'),
(4, 463, 408, 9, '2021-09-23', '11:48:00'),
(4, 464, 409, 9, '2021-09-23', '11:49:00'),
(4, 464, 409, 9, '2021-09-23', '11:50:00'),
(4, 463, 408, 9, '2021-09-23', '11:51:00'),
(4, 463, 408, 9, '2021-09-23', '11:52:00'),
(4, 463, 408, 9, '2021-09-23', '11:53:00'),
(4, 463, 408, 9, '2021-09-23', '11:54:00'),
(4, 464, 409, 9, '2021-09-23', '11:55:00'),
(4, 463, 408, 9, '2021-09-23', '11:56:00'),
(4, 464, 409, 9, '2021-09-23', '11:57:00'),
(4, 464, 409, 9, '2021-09-23', '11:58:00'),
(4, 464, 409, 9, '2021-09-23', '11:59:00'),
(4, 464, 409, 9, '2021-09-23', '12:00:00'),
(4, 464, 409, 9, '2021-09-23', '12:01:00'),
(4, 464, 409, 9, '2021-09-23', '12:02:00'),
(4, 463, 408, 9, '2021-09-23', '12:03:00'),
(4, 463, 408, 9, '2021-09-23', '12:04:00'),
(4, 464, 409, 9, '2021-09-23', '12:05:00'),
(4, 464, 409, 9, '2021-09-23', '12:06:00'),
(4, 464, 409, 9, '2021-09-23', '12:07:00'),
(4, 463, 408, 9, '2021-09-23', '12:08:00'),
(4, 463, 408, 9, '2021-09-23', '12:09:00'),
(4, 464, 409, 9, '2021-09-23', '12:10:00'),
(4, 464, 409, 9, '2021-09-23', '12:11:00'),
(4, 463, 408, 9, '2021-09-23', '12:12:00'),
(4, 463, 408, 9, '2021-09-23', '12:13:00'),
(4, 463, 408, 9, '2021-09-23', '12:14:00'),
(4, 463, 408, 9, '2021-09-23', '12:15:00'),
(4, 463, 408, 9, '2021-09-23', '12:16:00'),
(4, 464, 409, 9, '2021-09-23', '12:17:00'),
(4, 464, 409, 9, '2021-09-23', '12:18:00'),
(4, 464, 409, 9, '2021-09-23', '12:19:00'),
(4, 464, 409, 9, '2021-09-23', '12:20:00'),
(4, 463, 408, 9, '2021-09-23', '12:21:00'),
(4, 464, 409, 9, '2021-09-23', '12:22:00'),
(4, 464, 409, 9, '2021-09-23', '12:23:00'),
(4, 463, 408, 9, '2021-09-23', '12:24:00'),
(4, 463, 408, 9, '2021-09-23', '12:25:00'),
(4, 463, 408, 9, '2021-09-23', '12:26:00'),
(4, 464, 409, 9, '2021-09-23', '12:27:00'),
(4, 463, 408, 9, '2021-09-23', '12:28:00'),
(4, 464, 409, 9, '2021-09-23', '12:29:00'),
(4, 463, 408, 9, '2021-09-23', '12:30:00'),
(4, 463, 408, 9, '2021-09-23', '12:31:00'),
(4, 464, 409, 9, '2021-09-23', '12:32:00'),
(4, 464, 409, 9, '2021-09-23', '12:33:00'),
(4, 463, 408, 9, '2021-09-23', '12:34:00'),
(4, 463, 408, 9, '2021-09-23', '12:35:00'),
(4, 464, 409, 9, '2021-09-23', '12:36:00'),
(4, 464, 409, 9, '2021-09-23', '12:37:00'),
(4, 464, 409, 9, '2021-09-23', '12:38:00'),
(4, 463, 408, 9, '2021-09-23', '12:39:00'),
(4, 463, 408, 9, '2021-09-23', '12:40:00'),
(4, 464, 409, 9, '2021-09-23', '12:41:00'),
(4, 463, 408, 9, '2021-09-23', '12:42:00'),
(4, 463, 408, 9, '2021-09-23', '12:43:00'),
(4, 463, 408, 9, '2021-09-23', '12:44:00'),
(4, 464, 409, 9, '2021-09-23', '12:45:00'),
(4, 463, 408, 9, '2021-09-23', '12:46:00'),
(4, 464, 409, 9, '2021-09-23', '12:47:00'),
(4, 464, 409, 9, '2021-09-23', '12:48:00'),
(4, 464, 409, 9, '2021-09-23', '12:49:00'),
(4, 464, 409, 9, '2021-09-23', '12:50:00'),
(4, 463, 408, 9, '2021-09-23', '12:51:00'),
(4, 463, 408, 9, '2021-09-23', '12:52:00'),
(4, 463, 408, 9, '2021-09-23', '12:53:00'),
(4, 464, 409, 9, '2021-09-23', '12:54:00'),
(4, 463, 408, 9, '2021-09-23', '12:55:00'),
(4, 463, 408, 9, '2021-09-23', '12:56:00'),
(4, 463, 408, 9, '2021-09-23', '12:57:00'),
(4, 463, 408, 9, '2021-09-23', '12:58:00'),
(4, 464, 409, 9, '2021-09-23', '12:59:00'),
(5, 439, 384, 1, '2021-09-20', '17:00:00'),
(5, 437, 382, 1, '2021-09-20', '17:01:00'),
(5, 436, 381, 2, '2021-09-20', '17:02:00'),
(5, 438, 383, 2, '2021-09-20', '17:03:00'),
(5, 437, 382, 2, '2021-09-20', '17:04:00'),
(5, 438, 383, 3, '2021-09-20', '17:05:00'),
(5, 438, 383, 3, '2021-09-20', '17:06:00'),
(5, 437, 382, 3, '2021-09-20', '17:07:00'),
(5, 436, 381, 4, '2021-09-20', '17:08:00'),
(5, 438, 383, 4, '2021-09-20', '17:09:00'),
(5, 438, 383, 4, '2021-09-20', '17:10:00'),
(5, 443, 388, 5, '2021-09-20', '17:11:00'),
(5, 445, 390, 5, '2021-09-20', '17:12:00'),
(5, 445, 390, 5, '2021-09-20', '17:13:00'),
(5, 446, 391, 6, '2021-09-20', '17:14:00'),
(5, 445, 390, 6, '2021-09-20', '17:15:00'),
(5, 445, 390, 6, '2021-09-20', '17:16:00'),
(5, 444, 389, 7, '2021-09-20', '17:17:00'),
(5, 444, 389, 7, '2021-09-20', '17:18:00'),
(5, 444, 389, 7, '2021-09-20', '17:19:00'),
(5, 445, 390, 8, '2021-09-20', '17:20:00'),
(5, 451, 396, 8, '2021-09-20', '17:21:00'),
(5, 450, 395, 8, '2021-09-20', '17:22:00'),
(5, 453, 398, 9, '2021-09-20', '17:23:00'),
(5, 453, 398, 9, '2021-09-20', '17:24:00'),
(5, 450, 395, 9, '2021-09-20', '17:25:00'),
(5, 451, 396, 10, '2021-09-20', '17:26:00'),
(5, 453, 398, 10, '2021-09-20', '17:27:00'),
(5, 450, 395, 10, '2021-09-20', '17:28:00'),
(5, 451, 396, 10, '2021-09-20', '17:29:00'),
(5, 452, 397, 10, '2021-09-20', '17:30:00'),
(5, 458, 403, 10, '2021-09-20', '17:31:00'),
(5, 460, 405, 10, '2021-09-20', '17:32:00'),
(5, 457, 402, 10, '2021-09-20', '17:33:00'),
(5, 459, 404, 10, '2021-09-20', '17:34:00'),
(5, 458, 403, 10, '2021-09-20', '17:35:00'),
(5, 460, 405, 10, '2021-09-20', '17:36:00'),
(5, 459, 404, 10, '2021-09-20', '17:37:00'),
(5, 458, 403, 10, '2021-09-20', '17:38:00'),
(5, 457, 402, 10, '2021-09-20', '17:39:00'),
(5, 458, 403, 10, '2021-09-20', '17:40:00'),
(5, 467, 412, 10, '2021-09-20', '17:41:00'),
(5, 466, 411, 10, '2021-09-20', '17:42:00'),
(5, 464, 409, 10, '2021-09-20', '17:43:00'),
(5, 466, 411, 10, '2021-09-20', '17:44:00'),
(5, 467, 412, 10, '2021-09-20', '17:45:00'),
(5, 465, 410, 10, '2021-09-20', '17:46:00'),
(5, 466, 411, 10, '2021-09-20', '17:47:00'),
(5, 466, 411, 10, '2021-09-20', '17:48:00'),
(5, 466, 411, 10, '2021-09-20', '17:49:00'),
(5, 465, 410, 10, '2021-09-20', '17:50:00'),
(5, 464, 409, 10, '2021-09-20', '17:51:00'),
(5, 465, 410, 10, '2021-09-20', '17:52:00'),
(5, 464, 409, 10, '2021-09-20', '17:53:00'),
(5, 465, 410, 10, '2021-09-20', '17:54:00'),
(5, 465, 410, 10, '2021-09-20', '17:55:00'),
(5, 465, 410, 10, '2021-09-20', '17:56:00'),
(5, 464, 409, 10, '2021-09-20', '17:57:00'),
(5, 465, 410, 10, '2021-09-20', '17:58:00'),
(5, 464, 409, 10, '2021-09-20', '17:59:00'),
(5, 464, 409, 10, '2021-09-20', '18:00:00'),
(5, 465, 410, 10, '2021-09-20', '18:01:00'),
(5, 465, 410, 10, '2021-09-20', '18:02:00'),
(5, 465, 410, 10, '2021-09-20', '18:03:00'),
(5, 464, 409, 10, '2021-09-20', '18:04:00'),
(5, 465, 410, 10, '2021-09-20', '18:05:00'),
(5, 464, 409, 10, '2021-09-20', '18:06:00'),
(5, 464, 409, 10, '2021-09-20', '18:07:00'),
(5, 464, 409, 10, '2021-09-20', '18:08:00'),
(5, 464, 409, 10, '2021-09-20', '18:09:00'),
(5, 464, 409, 10, '2021-09-20', '18:10:00'),
(5, 465, 410, 10, '2021-09-20', '18:11:00'),
(5, 465, 410, 10, '2021-09-20', '18:12:00'),
(5, 464, 409, 10, '2021-09-20', '18:13:00'),
(5, 464, 409, 10, '2021-09-20', '18:14:00'),
(5, 464, 409, 10, '2021-09-20', '18:15:00'),
(5, 464, 409, 10, '2021-09-20', '18:16:00'),
(5, 465, 410, 10, '2021-09-20', '18:17:00'),
(5, 464, 409, 10, '2021-09-20', '18:18:00'),
(5, 464, 409, 10, '2021-09-20', '18:19:00'),
(5, 465, 410, 10, '2021-09-20', '18:20:00'),
(5, 464, 409, 10, '2021-09-20', '18:21:00'),
(5, 465, 410, 10, '2021-09-20', '18:22:00'),
(5, 465, 410, 10, '2021-09-20', '18:23:00'),
(5, 465, 410, 10, '2021-09-20', '18:24:00'),
(5, 464, 409, 10, '2021-09-20', '18:25:00'),
(5, 464, 409, 10, '2021-09-20', '18:26:00'),
(5, 464, 409, 10, '2021-09-20', '18:27:00'),
(5, 465, 410, 10, '2021-09-20', '18:28:00'),
(5, 464, 409, 10, '2021-09-20', '18:29:00'),
(5, 465, 410, 10, '2021-09-20', '18:30:00'),
(5, 465, 410, 10, '2021-09-20', '18:31:00'),
(5, 464, 409, 10, '2021-09-20', '18:32:00'),
(5, 464, 409, 10, '2021-09-20', '18:33:00'),
(5, 465, 410, 10, '2021-09-20', '18:34:00'),
(5, 464, 409, 10, '2021-09-20', '18:35:00'),
(5, 465, 410, 10, '2021-09-20', '18:36:00'),
(5, 464, 409, 10, '2021-09-20', '18:37:00'),
(5, 465, 410, 10, '2021-09-20', '18:38:00'),
(5, 464, 409, 10, '2021-09-20', '18:39:00'),
(5, 465, 410, 10, '2021-09-20', '18:40:00'),
(5, 464, 409, 10, '2021-09-20', '18:41:00'),
(5, 464, 409, 10, '2021-09-20', '18:42:00'),
(5, 465, 410, 10, '2021-09-20', '18:43:00'),
(5, 464, 409, 10, '2021-09-20', '18:44:00'),
(5, 465, 410, 10, '2021-09-20', '18:45:00'),
(5, 464, 409, 10, '2021-09-20', '18:46:00'),
(5, 465, 410, 10, '2021-09-20', '18:47:00'),
(5, 464, 409, 10, '2021-09-20', '18:48:00'),
(5, 465, 410, 10, '2021-09-20', '18:49:00'),
(5, 464, 409, 10, '2021-09-20', '18:50:00'),
(5, 465, 410, 10, '2021-09-20', '18:51:00'),
(5, 464, 409, 10, '2021-09-20', '18:52:00'),
(5, 464, 409, 10, '2021-09-20', '18:53:00'),
(5, 464, 409, 10, '2021-09-20', '18:54:00'),
(5, 464, 409, 10, '2021-09-20', '18:55:00'),
(5, 465, 410, 10, '2021-09-20', '18:56:00'),
(5, 464, 409, 10, '2021-09-20', '18:57:00'),
(5, 465, 410, 10, '2021-09-20', '18:58:00'),
(5, 465, 410, 10, '2021-09-20', '18:59:00'),
(6, 430, 375, 1, '2021-09-24', '10:00:00'),
(6, 430, 375, 1, '2021-09-24', '10:01:00'),
(6, 431, 376, 2, '2021-09-24', '10:02:00'),
(6, 432, 377, 2, '2021-09-24', '10:03:00'),
(6, 432, 377, 2, '2021-09-24', '10:04:00'),
(6, 432, 377, 3, '2021-09-24', '10:05:00'),
(6, 432, 377, 3, '2021-09-24', '10:06:00'),
(6, 431, 376, 3, '2021-09-24', '10:07:00'),
(6, 430, 375, 4, '2021-09-24', '10:08:00'),
(6, 429, 374, 4, '2021-09-24', '10:09:00'),
(6, 429, 374, 4, '2021-09-24', '10:10:00'),
(6, 439, 384, 5, '2021-09-24', '10:11:00'),
(6, 438, 383, 5, '2021-09-24', '10:12:00'),
(6, 436, 381, 5, '2021-09-24', '10:13:00'),
(6, 437, 382, 6, '2021-09-24', '10:14:00'),
(6, 437, 382, 6, '2021-09-24', '10:15:00'),
(6, 438, 383, 6, '2021-09-24', '10:16:00'),
(6, 439, 384, 7, '2021-09-24', '10:17:00'),
(6, 439, 384, 7, '2021-09-24', '10:18:00'),
(6, 436, 381, 7, '2021-09-24', '10:19:00'),
(6, 437, 382, 7, '2021-09-24', '10:20:00'),
(6, 445, 390, 7, '2021-09-24', '10:21:00'),
(6, 444, 389, 7, '2021-09-24', '10:22:00'),
(6, 444, 389, 7, '2021-09-24', '10:23:00'),
(6, 446, 391, 7, '2021-09-24', '10:24:00'),
(6, 443, 388, 7, '2021-09-24', '10:25:00'),
(6, 446, 391, 7, '2021-09-24', '10:26:00'),
(6, 445, 390, 7, '2021-09-24', '10:27:00'),
(6, 443, 388, 7, '2021-09-24', '10:28:00'),
(6, 444, 389, 7, '2021-09-24', '10:29:00'),
(6, 443, 388, 7, '2021-09-24', '10:30:00'),
(6, 450, 395, 7, '2021-09-24', '10:31:00'),
(6, 450, 395, 7, '2021-09-24', '10:32:00'),
(6, 451, 396, 7, '2021-09-24', '10:33:00'),
(6, 450, 395, 7, '2021-09-24', '10:34:00'),
(6, 452, 397, 7, '2021-09-24', '10:35:00'),
(6, 452, 397, 7, '2021-09-24', '10:36:00'),
(6, 450, 395, 7, '2021-09-24', '10:37:00'),
(6, 451, 396, 7, '2021-09-24', '10:38:00'),
(6, 450, 395, 7, '2021-09-24', '10:39:00'),
(6, 451, 396, 7, '2021-09-24', '10:40:00'),
(6, 459, 404, 7, '2021-09-24', '10:41:00'),
(6, 458, 403, 7, '2021-09-24', '10:42:00'),
(6, 457, 402, 7, '2021-09-24', '10:43:00'),
(6, 460, 405, 7, '2021-09-24', '10:44:00'),
(6, 457, 402, 7, '2021-09-24', '10:45:00'),
(6, 460, 405, 7, '2021-09-24', '10:46:00'),
(6, 460, 405, 7, '2021-09-24', '10:47:00'),
(6, 459, 404, 7, '2021-09-24', '10:48:00'),
(6, 458, 403, 7, '2021-09-24', '10:49:00'),
(6, 459, 404, 7, '2021-09-24', '10:50:00'),
(6, 458, 403, 7, '2021-09-24', '10:51:00'),
(6, 457, 402, 7, '2021-09-24', '10:52:00'),
(6, 457, 402, 7, '2021-09-24', '10:53:00'),
(6, 457, 402, 7, '2021-09-24', '10:54:00'),
(6, 457, 402, 7, '2021-09-24', '10:55:00'),
(6, 458, 403, 7, '2021-09-24', '10:56:00'),
(6, 458, 403, 7, '2021-09-24', '10:57:00'),
(6, 457, 402, 7, '2021-09-24', '10:58:00'),
(6, 457, 402, 7, '2021-09-24', '10:59:00'),
(6, 458, 403, 7, '2021-09-24', '11:00:00'),
(6, 458, 403, 7, '2021-09-24', '11:01:00'),
(6, 458, 403, 7, '2021-09-24', '11:02:00'),
(6, 457, 402, 7, '2021-09-24', '11:03:00'),
(6, 458, 403, 7, '2021-09-24', '11:04:00'),
(6, 457, 402, 7, '2021-09-24', '11:05:00'),
(6, 457, 402, 7, '2021-09-24', '11:06:00'),
(6, 457, 402, 7, '2021-09-24', '11:07:00'),
(6, 458, 403, 7, '2021-09-24', '11:08:00'),
(6, 458, 403, 7, '2021-09-24', '11:09:00'),
(6, 458, 403, 7, '2021-09-24', '11:10:00'),
(6, 458, 403, 7, '2021-09-24', '11:11:00'),
(6, 458, 403, 7, '2021-09-24', '11:12:00'),
(6, 457, 402, 7, '2021-09-24', '11:13:00'),
(6, 458, 403, 7, '2021-09-24', '11:14:00'),
(6, 457, 402, 7, '2021-09-24', '11:15:00'),
(6, 457, 402, 7, '2021-09-24', '11:16:00'),
(6, 458, 403, 7, '2021-09-24', '11:17:00'),
(6, 458, 403, 7, '2021-09-24', '11:18:00'),
(6, 457, 402, 7, '2021-09-24', '11:19:00'),
(6, 458, 403, 7, '2021-09-24', '11:20:00'),
(6, 457, 402, 7, '2021-09-24', '11:21:00'),
(6, 457, 402, 7, '2021-09-24', '11:22:00'),
(6, 457, 402, 7, '2021-09-24', '11:23:00'),
(6, 458, 403, 7, '2021-09-24', '11:24:00'),
(6, 457, 402, 7, '2021-09-24', '11:25:00'),
(6, 458, 403, 7, '2021-09-24', '11:26:00'),
(6, 458, 403, 7, '2021-09-24', '11:27:00'),
(6, 458, 403, 7, '2021-09-24', '11:28:00'),
(6, 457, 402, 7, '2021-09-24', '11:29:00'),
(6, 457, 402, 7, '2021-09-24', '11:30:00'),
(6, 458, 403, 7, '2021-09-24', '11:31:00'),
(6, 458, 403, 7, '2021-09-24', '11:32:00'),
(6, 458, 403, 7, '2021-09-24', '11:33:00'),
(6, 457, 402, 7, '2021-09-24', '11:34:00'),
(6, 458, 403, 7, '2021-09-24', '11:35:00'),
(6, 457, 402, 7, '2021-09-24', '11:36:00'),
(6, 458, 403, 7, '2021-09-24', '11:37:00'),
(6, 458, 403, 7, '2021-09-24', '11:38:00'),
(6, 458, 403, 7, '2021-09-24', '11:39:00'),
(6, 457, 402, 7, '2021-09-24', '11:40:00'),
(6, 458, 403, 7, '2021-09-24', '11:41:00'),
(6, 458, 403, 7, '2021-09-24', '11:42:00'),
(6, 458, 403, 7, '2021-09-24', '11:43:00'),
(6, 458, 403, 7, '2021-09-24', '11:44:00'),
(6, 457, 402, 7, '2021-09-24', '11:45:00'),
(6, 458, 403, 7, '2021-09-24', '11:46:00'),
(6, 458, 403, 7, '2021-09-24', '11:47:00'),
(6, 458, 403, 7, '2021-09-24', '11:48:00'),
(6, 458, 403, 7, '2021-09-24', '11:49:00'),
(6, 458, 403, 7, '2021-09-24', '11:50:00'),
(6, 458, 403, 7, '2021-09-24', '11:51:00'),
(6, 458, 403, 7, '2021-09-24', '11:52:00'),
(6, 458, 403, 7, '2021-09-24', '11:53:00'),
(6, 458, 403, 7, '2021-09-24', '11:54:00'),
(6, 458, 403, 7, '2021-09-24', '11:55:00'),
(6, 458, 403, 7, '2021-09-24', '11:56:00'),
(6, 457, 402, 7, '2021-09-24', '11:57:00'),
(6, 457, 402, 7, '2021-09-24', '11:58:00'),
(6, 458, 403, 7, '2021-09-24', '11:59:00'),
(6, 457, 402, 7, '2021-09-24', '12:00:00'),
(6, 458, 403, 7, '2021-09-24', '12:01:00'),
(6, 458, 403, 7, '2021-09-24', '12:02:00'),
(6, 457, 402, 7, '2021-09-24', '12:03:00'),
(6, 458, 403, 7, '2021-09-24', '12:04:00'),
(6, 458, 403, 7, '2021-09-24', '12:05:00'),
(6, 457, 402, 7, '2021-09-24', '12:06:00'),
(6, 458, 403, 7, '2021-09-24', '12:07:00'),
(6, 457, 402, 7, '2021-09-24', '12:08:00'),
(6, 457, 402, 7, '2021-09-24', '12:09:00'),
(6, 458, 403, 7, '2021-09-24', '12:10:00'),
(6, 457, 402, 7, '2021-09-24', '12:11:00'),
(6, 457, 402, 7, '2021-09-24', '12:12:00'),
(6, 457, 402, 7, '2021-09-24', '12:13:00'),
(6, 457, 402, 7, '2021-09-24', '12:14:00'),
(6, 457, 402, 7, '2021-09-24', '12:15:00'),
(6, 458, 403, 7, '2021-09-24', '12:16:00'),
(6, 458, 403, 7, '2021-09-24', '12:17:00'),
(6, 458, 403, 7, '2021-09-24', '12:18:00'),
(6, 458, 403, 7, '2021-09-24', '12:19:00'),
(6, 458, 403, 7, '2021-09-24', '12:20:00'),
(6, 458, 403, 7, '2021-09-24', '12:21:00'),
(6, 457, 402, 7, '2021-09-24', '12:22:00'),
(6, 458, 403, 7, '2021-09-24', '12:23:00'),
(6, 458, 403, 7, '2021-09-24', '12:24:00'),
(6, 458, 403, 7, '2021-09-24', '12:25:00'),
(6, 458, 403, 7, '2021-09-24', '12:26:00'),
(6, 457, 402, 7, '2021-09-24', '12:27:00'),
(6, 457, 402, 7, '2021-09-24', '12:28:00'),
(6, 458, 403, 7, '2021-09-24', '12:29:00'),
(6, 457, 402, 7, '2021-09-24', '12:30:00'),
(6, 457, 402, 7, '2021-09-24', '12:31:00'),
(6, 458, 403, 7, '2021-09-24', '12:32:00'),
(6, 458, 403, 7, '2021-09-24', '12:33:00'),
(6, 457, 402, 7, '2021-09-24', '12:34:00'),
(6, 457, 402, 7, '2021-09-24', '12:35:00'),
(6, 458, 403, 7, '2021-09-24', '12:36:00'),
(6, 457, 402, 7, '2021-09-24', '12:37:00'),
(6, 458, 403, 7, '2021-09-24', '12:38:00'),
(6, 458, 403, 7, '2021-09-24', '12:39:00'),
(6, 458, 403, 7, '2021-09-24', '12:40:00'),
(6, 457, 402, 7, '2021-09-24', '12:41:00'),
(6, 457, 402, 7, '2021-09-24', '12:42:00'),
(6, 458, 403, 7, '2021-09-24', '12:43:00'),
(6, 458, 403, 7, '2021-09-24', '12:44:00'),
(6, 458, 403, 7, '2021-09-24', '12:45:00'),
(6, 458, 403, 7, '2021-09-24', '12:46:00'),
(6, 458, 403, 7, '2021-09-24', '12:47:00'),
(6, 458, 403, 7, '2021-09-24', '12:48:00'),
(6, 457, 402, 7, '2021-09-24', '12:49:00'),
(6, 458, 403, 7, '2021-09-24', '12:50:00'),
(6, 458, 403, 7, '2021-09-24', '12:51:00'),
(6, 458, 403, 7, '2021-09-24', '12:52:00'),
(6, 458, 403, 7, '2021-09-24', '12:53:00'),
(6, 457, 402, 7, '2021-09-24', '12:54:00'),
(6, 457, 402, 7, '2021-09-24', '12:55:00'),
(6, 458, 403, 7, '2021-09-24', '12:56:00'),
(6, 458, 403, 7, '2021-09-24', '12:57:00'),
(6, 458, 403, 7, '2021-09-24', '12:58:00'),
(6, 458, 403, 7, '2021-09-24', '12:59:00'),
(7, 413, 358, 1, '2021-09-22', '07:00:00'),
(7, 414, 359, 1, '2021-09-22', '07:01:00'),
(7, 411, 356, 2, '2021-09-22', '07:02:00'),
(7, 411, 356, 2, '2021-09-22', '07:03:00'),
(7, 412, 357, 2, '2021-09-22', '07:04:00'),
(7, 411, 356, 3, '2021-09-22', '07:05:00'),
(7, 413, 358, 3, '2021-09-22', '07:06:00'),
(7, 411, 356, 3, '2021-09-22', '07:07:00'),
(7, 412, 357, 4, '2021-09-22', '07:08:00'),
(7, 411, 356, 4, '2021-09-22', '07:09:00'),
(7, 411, 356, 4, '2021-09-22', '07:10:00'),
(7, 418, 363, 5, '2021-09-22', '07:11:00'),
(7, 421, 366, 5, '2021-09-22', '07:12:00'),
(7, 421, 366, 5, '2021-09-22', '07:13:00'),
(7, 419, 364, 6, '2021-09-22', '07:14:00'),
(7, 421, 366, 6, '2021-09-22', '07:15:00'),
(7, 418, 363, 6, '2021-09-22', '07:16:00'),
(7, 419, 364, 7, '2021-09-22', '07:17:00'),
(7, 419, 364, 7, '2021-09-22', '07:18:00'),
(7, 420, 365, 7, '2021-09-22', '07:19:00'),
(7, 421, 366, 7, '2021-09-22', '07:20:00'),
(7, 425, 370, 7, '2021-09-22', '07:21:00'),
(7, 428, 373, 7, '2021-09-22', '07:22:00'),
(7, 425, 370, 7, '2021-09-22', '07:23:00'),
(7, 427, 372, 7, '2021-09-22', '07:24:00'),
(7, 426, 371, 7, '2021-09-22', '07:25:00'),
(7, 427, 372, 7, '2021-09-22', '07:26:00'),
(7, 427, 372, 7, '2021-09-22', '07:27:00'),
(7, 427, 372, 7, '2021-09-22', '07:28:00'),
(7, 426, 371, 7, '2021-09-22', '07:29:00'),
(7, 426, 371, 7, '2021-09-22', '07:30:00'),
(7, 432, 377, 7, '2021-09-22', '07:31:00'),
(7, 433, 378, 7, '2021-09-22', '07:32:00'),
(7, 434, 379, 7, '2021-09-22', '07:33:00'),
(7, 434, 379, 7, '2021-09-22', '07:34:00'),
(7, 432, 377, 7, '2021-09-22', '07:35:00'),
(7, 434, 379, 7, '2021-09-22', '07:36:00'),
(7, 433, 378, 7, '2021-09-22', '07:37:00'),
(7, 435, 380, 7, '2021-09-22', '07:38:00'),
(7, 434, 379, 7, '2021-09-22', '07:39:00'),
(7, 435, 380, 7, '2021-09-22', '07:40:00'),
(7, 440, 385, 7, '2021-09-22', '07:41:00'),
(7, 441, 386, 7, '2021-09-22', '07:42:00'),
(7, 441, 386, 7, '2021-09-22', '07:43:00'),
(7, 439, 384, 7, '2021-09-22', '07:44:00'),
(7, 440, 385, 7, '2021-09-22', '07:45:00'),
(7, 440, 385, 7, '2021-09-22', '07:46:00'),
(7, 439, 384, 7, '2021-09-22', '07:47:00'),
(7, 440, 385, 7, '2021-09-22', '07:48:00'),
(7, 440, 385, 7, '2021-09-22', '07:49:00'),
(7, 441, 386, 7, '2021-09-22', '07:50:00'),
(7, 440, 385, 7, '2021-09-22', '07:51:00'),
(7, 439, 384, 7, '2021-09-22', '07:52:00'),
(7, 439, 384, 7, '2021-09-22', '07:53:00'),
(7, 439, 384, 7, '2021-09-22', '07:54:00'),
(7, 439, 384, 7, '2021-09-22', '07:55:00'),
(7, 439, 384, 7, '2021-09-22', '07:56:00'),
(7, 439, 384, 7, '2021-09-22', '07:57:00'),
(7, 440, 385, 7, '2021-09-22', '07:58:00'),
(7, 439, 384, 7, '2021-09-22', '07:59:00'),
(7, 440, 385, 7, '2021-09-22', '08:00:00'),
(7, 440, 385, 7, '2021-09-22', '08:01:00'),
(7, 439, 384, 7, '2021-09-22', '08:02:00'),
(7, 440, 385, 7, '2021-09-22', '08:03:00'),
(7, 440, 385, 7, '2021-09-22', '08:04:00'),
(7, 440, 385, 7, '2021-09-22', '08:05:00'),
(7, 439, 384, 7, '2021-09-22', '08:06:00'),
(7, 440, 385, 7, '2021-09-22', '08:07:00'),
(7, 440, 385, 7, '2021-09-22', '08:08:00'),
(7, 439, 384, 7, '2021-09-22', '08:09:00'),
(7, 439, 384, 7, '2021-09-22', '08:10:00'),
(7, 439, 384, 7, '2021-09-22', '08:11:00'),
(7, 439, 384, 7, '2021-09-22', '08:12:00'),
(7, 439, 384, 7, '2021-09-22', '08:13:00'),
(7, 440, 385, 7, '2021-09-22', '08:14:00'),
(7, 440, 385, 7, '2021-09-22', '08:15:00'),
(7, 440, 385, 7, '2021-09-22', '08:16:00'),
(7, 439, 384, 7, '2021-09-22', '08:17:00'),
(7, 440, 385, 7, '2021-09-22', '08:18:00'),
(7, 440, 385, 7, '2021-09-22', '08:19:00'),
(7, 440, 385, 7, '2021-09-22', '08:20:00'),
(7, 440, 385, 7, '2021-09-22', '08:21:00'),
(7, 439, 384, 7, '2021-09-22', '08:22:00'),
(7, 440, 385, 7, '2021-09-22', '08:23:00'),
(7, 439, 384, 7, '2021-09-22', '08:24:00'),
(7, 440, 385, 7, '2021-09-22', '08:25:00'),
(7, 440, 385, 7, '2021-09-22', '08:26:00'),
(7, 439, 384, 7, '2021-09-22', '08:27:00'),
(7, 440, 385, 7, '2021-09-22', '08:28:00'),
(7, 439, 384, 7, '2021-09-22', '08:29:00'),
(7, 439, 384, 7, '2021-09-22', '08:30:00'),
(7, 440, 385, 7, '2021-09-22', '08:31:00'),
(7, 440, 385, 7, '2021-09-22', '08:32:00'),
(7, 440, 385, 7, '2021-09-22', '08:33:00'),
(7, 439, 384, 7, '2021-09-22', '08:34:00'),
(7, 440, 385, 7, '2021-09-22', '08:35:00'),
(7, 440, 385, 7, '2021-09-22', '08:36:00'),
(7, 440, 385, 7, '2021-09-22', '08:37:00'),
(7, 439, 384, 7, '2021-09-22', '08:38:00'),
(7, 440, 385, 7, '2021-09-22', '08:39:00'),
(7, 439, 384, 7, '2021-09-22', '08:40:00'),
(7, 440, 385, 7, '2021-09-22', '08:41:00'),
(7, 439, 384, 7, '2021-09-22', '08:42:00'),
(7, 439, 384, 7, '2021-09-22', '08:43:00'),
(7, 439, 384, 7, '2021-09-22', '08:44:00'),
(7, 439, 384, 7, '2021-09-22', '08:45:00'),
(7, 440, 385, 7, '2021-09-22', '08:46:00'),
(7, 439, 384, 7, '2021-09-22', '08:47:00'),
(7, 439, 384, 7, '2021-09-22', '08:48:00'),
(7, 440, 385, 7, '2021-09-22', '08:49:00'),
(7, 440, 385, 7, '2021-09-22', '08:50:00'),
(7, 439, 384, 7, '2021-09-22', '08:51:00'),
(7, 439, 384, 7, '2021-09-22', '08:52:00'),
(7, 440, 385, 7, '2021-09-22', '08:53:00'),
(7, 439, 384, 7, '2021-09-22', '08:54:00'),
(7, 439, 384, 7, '2021-09-22', '08:55:00'),
(7, 440, 385, 7, '2021-09-22', '08:56:00'),
(7, 439, 384, 7, '2021-09-22', '08:57:00'),
(7, 440, 385, 7, '2021-09-22', '08:58:00'),
(7, 439, 384, 7, '2021-09-22', '08:59:00'),
(7, 440, 385, 7, '2021-09-22', '09:00:00'),
(7, 439, 384, 7, '2021-09-22', '09:01:00'),
(7, 439, 384, 7, '2021-09-22', '09:02:00'),
(7, 440, 385, 7, '2021-09-22', '09:03:00'),
(7, 440, 385, 7, '2021-09-22', '09:04:00'),
(7, 439, 384, 7, '2021-09-22', '09:05:00'),
(7, 439, 384, 7, '2021-09-22', '09:06:00'),
(7, 440, 385, 7, '2021-09-22', '09:07:00'),
(7, 439, 384, 7, '2021-09-22', '09:08:00'),
(7, 439, 384, 7, '2021-09-22', '09:09:00'),
(7, 440, 385, 7, '2021-09-22', '09:10:00'),
(7, 440, 385, 7, '2021-09-22', '09:11:00'),
(7, 439, 384, 7, '2021-09-22', '09:12:00'),
(7, 439, 384, 7, '2021-09-22', '09:13:00'),
(7, 440, 385, 7, '2021-09-22', '09:14:00'),
(7, 439, 384, 7, '2021-09-22', '09:15:00'),
(7, 439, 384, 7, '2021-09-22', '09:16:00'),
(7, 440, 385, 7, '2021-09-22', '09:17:00'),
(7, 439, 384, 7, '2021-09-22', '09:18:00'),
(7, 440, 385, 7, '2021-09-22', '09:19:00'),
(7, 439, 384, 7, '2021-09-22', '09:20:00'),
(7, 440, 385, 7, '2021-09-22', '09:21:00'),
(7, 440, 385, 7, '2021-09-22', '09:22:00'),
(7, 440, 385, 7, '2021-09-22', '09:23:00'),
(7, 439, 384, 7, '2021-09-22', '09:24:00'),
(7, 439, 384, 7, '2021-09-22', '09:25:00'),
(7, 439, 384, 7, '2021-09-22', '09:26:00'),
(7, 439, 384, 7, '2021-09-22', '09:27:00'),
(7, 440, 385, 7, '2021-09-22', '09:28:00'),
(7, 439, 384, 7, '2021-09-22', '09:29:00'),
(7, 440, 385, 7, '2021-09-22', '09:30:00'),
(7, 440, 385, 7, '2021-09-22', '09:31:00'),
(7, 440, 385, 7, '2021-09-22', '09:32:00'),
(7, 440, 385, 7, '2021-09-22', '09:33:00'),
(7, 439, 384, 7, '2021-09-22', '09:34:00'),
(7, 439, 384, 7, '2021-09-22', '09:35:00'),
(7, 440, 385, 7, '2021-09-22', '09:36:00'),
(7, 439, 384, 7, '2021-09-22', '09:37:00'),
(7, 440, 385, 7, '2021-09-22', '09:38:00'),
(7, 439, 384, 7, '2021-09-22', '09:39:00'),
(7, 440, 385, 7, '2021-09-22', '09:40:00'),
(7, 440, 385, 7, '2021-09-22', '09:41:00'),
(7, 440, 385, 7, '2021-09-22', '09:42:00'),
(7, 439, 384, 7, '2021-09-22', '09:43:00'),
(7, 440, 385, 7, '2021-09-22', '09:44:00'),
(7, 440, 385, 7, '2021-09-22', '09:45:00'),
(7, 440, 385, 7, '2021-09-22', '09:46:00'),
(7, 440, 385, 7, '2021-09-22', '09:47:00'),
(7, 439, 384, 7, '2021-09-22', '09:48:00'),
(7, 439, 384, 7, '2021-09-22', '09:49:00'),
(7, 440, 385, 7, '2021-09-22', '09:50:00'),
(7, 440, 385, 7, '2021-09-22', '09:51:00'),
(7, 440, 385, 7, '2021-09-22', '09:52:00'),
(7, 440, 385, 7, '2021-09-22', '09:53:00'),
(7, 439, 384, 7, '2021-09-22', '09:54:00'),
(7, 440, 385, 7, '2021-09-22', '09:55:00'),
(7, 440, 385, 7, '2021-09-22', '09:56:00'),
(7, 439, 384, 7, '2021-09-22', '09:57:00'),
(7, 440, 385, 7, '2021-09-22', '09:58:00'),
(7, 440, 385, 7, '2021-09-22', '09:59:00'),
(8, 442, 387, 1, '2021-09-20', '17:00:00'),
(8, 442, 387, 1, '2021-09-20', '17:01:00'),
(8, 441, 386, 2, '2021-09-20', '17:02:00'),
(8, 441, 386, 2, '2021-09-20', '17:03:00'),
(8, 442, 387, 2, '2021-09-20', '17:04:00'),
(8, 441, 386, 3, '2021-09-20', '17:05:00'),
(8, 441, 386, 3, '2021-09-20', '17:06:00'),
(8, 439, 384, 3, '2021-09-20', '17:07:00'),
(8, 442, 387, 4, '2021-09-20', '17:08:00'),
(8, 442, 387, 4, '2021-09-20', '17:09:00'),
(8, 439, 384, 4, '2021-09-20', '17:10:00'),
(8, 446, 391, 5, '2021-09-20', '17:11:00'),
(8, 447, 392, 5, '2021-09-20', '17:12:00'),
(8, 448, 393, 5, '2021-09-20', '17:13:00'),
(8, 446, 391, 6, '2021-09-20', '17:14:00'),
(8, 447, 392, 6, '2021-09-20', '17:15:00'),
(8, 448, 393, 6, '2021-09-20', '17:16:00'),
(8, 448, 393, 7, '2021-09-20', '17:17:00'),
(8, 448, 393, 7, '2021-09-20', '17:18:00'),
(8, 446, 391, 7, '2021-09-20', '17:19:00'),
(8, 448, 393, 8, '2021-09-20', '17:20:00'),
(8, 456, 401, 8, '2021-09-20', '17:21:00'),
(8, 456, 401, 8, '2021-09-20', '17:22:00'),
(8, 453, 398, 9, '2021-09-20', '17:23:00'),
(8, 454, 399, 9, '2021-09-20', '17:24:00'),
(8, 456, 401, 9, '2021-09-20', '17:25:00'),
(8, 455, 400, 10, '2021-09-20', '17:26:00'),
(8, 456, 401, 10, '2021-09-20', '17:27:00'),
(8, 455, 400, 10, '2021-09-20', '17:28:00'),
(8, 455, 400, 10, '2021-09-20', '17:29:00'),
(8, 454, 399, 10, '2021-09-20', '17:30:00'),
(8, 460, 405, 10, '2021-09-20', '17:31:00'),
(8, 460, 405, 10, '2021-09-20', '17:32:00'),
(8, 462, 407, 10, '2021-09-20', '17:33:00'),
(8, 463, 408, 10, '2021-09-20', '17:34:00'),
(8, 463, 408, 10, '2021-09-20', '17:35:00'),
(8, 461, 406, 10, '2021-09-20', '17:36:00'),
(8, 460, 405, 10, '2021-09-20', '17:37:00'),
(8, 461, 406, 10, '2021-09-20', '17:38:00'),
(8, 462, 407, 10, '2021-09-20', '17:39:00'),
(8, 460, 405, 10, '2021-09-20', '17:40:00'),
(8, 469, 414, 10, '2021-09-20', '17:41:00'),
(8, 470, 415, 10, '2021-09-20', '17:42:00'),
(8, 468, 413, 10, '2021-09-20', '17:43:00'),
(8, 469, 414, 10, '2021-09-20', '17:44:00'),
(8, 469, 414, 10, '2021-09-20', '17:45:00'),
(8, 468, 413, 10, '2021-09-20', '17:46:00'),
(8, 469, 414, 10, '2021-09-20', '17:47:00'),
(8, 468, 413, 10, '2021-09-20', '17:48:00'),
(8, 467, 412, 10, '2021-09-20', '17:49:00'),
(8, 469, 414, 10, '2021-09-20', '17:50:00'),
(8, 467, 412, 10, '2021-09-20', '17:51:00'),
(8, 467, 412, 10, '2021-09-20', '17:52:00'),
(8, 467, 412, 10, '2021-09-20', '17:53:00'),
(8, 467, 412, 10, '2021-09-20', '17:54:00'),
(8, 468, 413, 10, '2021-09-20', '17:55:00'),
(8, 467, 412, 10, '2021-09-20', '17:56:00'),
(8, 468, 413, 10, '2021-09-20', '17:57:00'),
(8, 468, 413, 10, '2021-09-20', '17:58:00'),
(8, 467, 412, 10, '2021-09-20', '17:59:00'),
(8, 467, 412, 10, '2021-09-20', '18:00:00'),
(8, 468, 413, 10, '2021-09-20', '18:01:00'),
(8, 468, 413, 10, '2021-09-20', '18:02:00'),
(8, 467, 412, 10, '2021-09-20', '18:03:00'),
(8, 467, 412, 10, '2021-09-20', '18:04:00'),
(8, 467, 412, 10, '2021-09-20', '18:05:00'),
(8, 467, 412, 10, '2021-09-20', '18:06:00'),
(8, 467, 412, 10, '2021-09-20', '18:07:00'),
(8, 467, 412, 10, '2021-09-20', '18:08:00'),
(8, 467, 412, 10, '2021-09-20', '18:09:00'),
(8, 467, 412, 10, '2021-09-20', '18:10:00'),
(8, 468, 413, 10, '2021-09-20', '18:11:00'),
(8, 467, 412, 10, '2021-09-20', '18:12:00'),
(8, 468, 413, 10, '2021-09-20', '18:13:00'),
(8, 468, 413, 10, '2021-09-20', '18:14:00'),
(8, 468, 413, 10, '2021-09-20', '18:15:00'),
(8, 468, 413, 10, '2021-09-20', '18:16:00'),
(8, 468, 413, 10, '2021-09-20', '18:17:00'),
(8, 468, 413, 10, '2021-09-20', '18:18:00'),
(8, 468, 413, 10, '2021-09-20', '18:19:00'),
(8, 468, 413, 10, '2021-09-20', '18:20:00'),
(8, 468, 413, 10, '2021-09-20', '18:21:00'),
(8, 467, 412, 10, '2021-09-20', '18:22:00'),
(8, 468, 413, 10, '2021-09-20', '18:23:00'),
(8, 468, 413, 10, '2021-09-20', '18:24:00'),
(8, 467, 412, 10, '2021-09-20', '18:25:00'),
(8, 468, 413, 10, '2021-09-20', '18:26:00'),
(8, 467, 412, 10, '2021-09-20', '18:27:00'),
(8, 467, 412, 10, '2021-09-20', '18:28:00'),
(8, 467, 412, 10, '2021-09-20', '18:29:00'),
(8, 467, 412, 10, '2021-09-20', '18:30:00'),
(8, 468, 413, 10, '2021-09-20', '18:31:00'),
(8, 467, 412, 10, '2021-09-20', '18:32:00'),
(8, 468, 413, 10, '2021-09-20', '18:33:00'),
(8, 468, 413, 10, '2021-09-20', '18:34:00'),
(8, 467, 412, 10, '2021-09-20', '18:35:00');
INSERT INTO `ventilacion` (`idsesion`, `CO2aula`, `CO2externo`, `aforo`, `fecha`, `hora`) VALUES
(8, 467, 412, 10, '2021-09-20', '18:36:00'),
(8, 468, 413, 10, '2021-09-20', '18:37:00'),
(8, 467, 412, 10, '2021-09-20', '18:38:00'),
(8, 467, 412, 10, '2021-09-20', '18:39:00'),
(8, 467, 412, 10, '2021-09-20', '18:40:00'),
(8, 468, 413, 10, '2021-09-20', '18:41:00'),
(8, 468, 413, 10, '2021-09-20', '18:42:00'),
(8, 468, 413, 10, '2021-09-20', '18:43:00'),
(8, 467, 412, 10, '2021-09-20', '18:44:00'),
(8, 467, 412, 10, '2021-09-20', '18:45:00'),
(8, 467, 412, 10, '2021-09-20', '18:46:00'),
(8, 468, 413, 10, '2021-09-20', '18:47:00'),
(8, 468, 413, 10, '2021-09-20', '18:48:00'),
(8, 468, 413, 10, '2021-09-20', '18:49:00'),
(8, 467, 412, 10, '2021-09-20', '18:50:00'),
(8, 467, 412, 10, '2021-09-20', '18:51:00'),
(8, 467, 412, 10, '2021-09-20', '18:52:00'),
(8, 467, 412, 10, '2021-09-20', '18:53:00'),
(8, 467, 412, 10, '2021-09-20', '18:54:00'),
(8, 468, 413, 10, '2021-09-20', '18:55:00'),
(8, 468, 413, 10, '2021-09-20', '18:56:00'),
(8, 468, 413, 10, '2021-09-20', '18:57:00'),
(8, 467, 412, 10, '2021-09-20', '18:58:00'),
(8, 467, 412, 10, '2021-09-20', '18:59:00'),
(9, 435, 380, 1, '2021-09-21', '17:00:00'),
(9, 437, 382, 1, '2021-09-21', '17:01:00'),
(9, 437, 382, 2, '2021-09-21', '17:02:00'),
(9, 437, 382, 2, '2021-09-21', '17:03:00'),
(9, 437, 382, 2, '2021-09-21', '17:04:00'),
(9, 438, 383, 3, '2021-09-21', '17:05:00'),
(9, 437, 382, 3, '2021-09-21', '17:06:00'),
(9, 437, 382, 3, '2021-09-21', '17:07:00'),
(9, 436, 381, 4, '2021-09-21', '17:08:00'),
(9, 437, 382, 4, '2021-09-21', '17:09:00'),
(9, 436, 381, 4, '2021-09-21', '17:10:00'),
(9, 445, 390, 5, '2021-09-21', '17:11:00'),
(9, 443, 388, 5, '2021-09-21', '17:12:00'),
(9, 444, 389, 5, '2021-09-21', '17:13:00'),
(9, 442, 387, 6, '2021-09-21', '17:14:00'),
(9, 443, 388, 6, '2021-09-21', '17:15:00'),
(9, 445, 390, 6, '2021-09-21', '17:16:00'),
(9, 442, 387, 7, '2021-09-21', '17:17:00'),
(9, 443, 388, 7, '2021-09-21', '17:18:00'),
(9, 445, 390, 7, '2021-09-21', '17:19:00'),
(9, 444, 389, 8, '2021-09-21', '17:20:00'),
(9, 450, 395, 8, '2021-09-21', '17:21:00'),
(9, 450, 395, 8, '2021-09-21', '17:22:00'),
(9, 450, 395, 9, '2021-09-21', '17:23:00'),
(9, 449, 394, 9, '2021-09-21', '17:24:00'),
(9, 452, 397, 9, '2021-09-21', '17:25:00'),
(9, 451, 396, 10, '2021-09-21', '17:26:00'),
(9, 449, 394, 10, '2021-09-21', '17:27:00'),
(9, 452, 397, 10, '2021-09-21', '17:28:00'),
(9, 450, 395, 10, '2021-09-21', '17:29:00'),
(9, 449, 394, 10, '2021-09-21', '17:30:00'),
(9, 457, 402, 10, '2021-09-21', '17:31:00'),
(9, 457, 402, 10, '2021-09-21', '17:32:00'),
(9, 456, 401, 10, '2021-09-21', '17:33:00'),
(9, 456, 401, 10, '2021-09-21', '17:34:00'),
(9, 457, 402, 10, '2021-09-21', '17:35:00'),
(9, 459, 404, 10, '2021-09-21', '17:36:00'),
(9, 459, 404, 10, '2021-09-21', '17:37:00'),
(9, 459, 404, 10, '2021-09-21', '17:38:00'),
(9, 456, 401, 10, '2021-09-21', '17:39:00'),
(9, 456, 401, 10, '2021-09-21', '17:40:00'),
(9, 465, 410, 10, '2021-09-21', '17:41:00'),
(9, 465, 410, 10, '2021-09-21', '17:42:00'),
(9, 463, 408, 10, '2021-09-21', '17:43:00'),
(9, 465, 410, 10, '2021-09-21', '17:44:00'),
(9, 465, 410, 10, '2021-09-21', '17:45:00'),
(9, 463, 408, 10, '2021-09-21', '17:46:00'),
(9, 464, 409, 10, '2021-09-21', '17:47:00'),
(9, 465, 410, 10, '2021-09-21', '17:48:00'),
(9, 466, 411, 10, '2021-09-21', '17:49:00'),
(9, 466, 411, 10, '2021-09-21', '17:50:00'),
(9, 463, 408, 10, '2021-09-21', '17:51:00'),
(9, 463, 408, 10, '2021-09-21', '17:52:00'),
(9, 463, 408, 10, '2021-09-21', '17:53:00'),
(9, 463, 408, 10, '2021-09-21', '17:54:00'),
(9, 463, 408, 10, '2021-09-21', '17:55:00'),
(9, 463, 408, 10, '2021-09-21', '17:56:00'),
(9, 464, 409, 10, '2021-09-21', '17:57:00'),
(9, 464, 409, 10, '2021-09-21', '17:58:00'),
(9, 463, 408, 10, '2021-09-21', '17:59:00'),
(9, 463, 408, 10, '2021-09-21', '18:00:00'),
(9, 464, 409, 10, '2021-09-21', '18:01:00'),
(9, 464, 409, 10, '2021-09-21', '18:02:00'),
(9, 463, 408, 10, '2021-09-21', '18:03:00'),
(9, 463, 408, 10, '2021-09-21', '18:04:00'),
(9, 464, 409, 10, '2021-09-21', '18:05:00'),
(9, 464, 409, 10, '2021-09-21', '18:06:00'),
(9, 463, 408, 10, '2021-09-21', '18:07:00'),
(9, 463, 408, 10, '2021-09-21', '18:08:00'),
(9, 464, 409, 10, '2021-09-21', '18:09:00'),
(9, 464, 409, 10, '2021-09-21', '18:10:00'),
(9, 464, 409, 10, '2021-09-21', '18:11:00'),
(9, 463, 408, 10, '2021-09-21', '18:12:00'),
(9, 463, 408, 10, '2021-09-21', '18:13:00'),
(9, 463, 408, 10, '2021-09-21', '18:14:00'),
(9, 463, 408, 10, '2021-09-21', '18:15:00'),
(9, 463, 408, 10, '2021-09-21', '18:16:00'),
(9, 463, 408, 10, '2021-09-21', '18:17:00'),
(9, 463, 408, 10, '2021-09-21', '18:18:00'),
(9, 464, 409, 10, '2021-09-21', '18:19:00'),
(9, 463, 408, 10, '2021-09-21', '18:20:00'),
(9, 464, 409, 10, '2021-09-21', '18:21:00'),
(9, 463, 408, 10, '2021-09-21', '18:22:00'),
(9, 463, 408, 10, '2021-09-21', '18:23:00'),
(9, 464, 409, 10, '2021-09-21', '18:24:00'),
(9, 463, 408, 10, '2021-09-21', '18:25:00'),
(9, 464, 409, 10, '2021-09-21', '18:26:00'),
(9, 464, 409, 10, '2021-09-21', '18:27:00'),
(9, 463, 408, 10, '2021-09-21', '18:28:00'),
(9, 464, 409, 10, '2021-09-21', '18:29:00'),
(9, 463, 408, 10, '2021-09-21', '18:30:00'),
(9, 464, 409, 10, '2021-09-21', '18:31:00'),
(9, 463, 408, 10, '2021-09-21', '18:32:00'),
(9, 464, 409, 10, '2021-09-21', '18:33:00'),
(9, 464, 409, 10, '2021-09-21', '18:34:00'),
(9, 463, 408, 10, '2021-09-21', '18:35:00'),
(9, 463, 408, 10, '2021-09-21', '18:36:00'),
(9, 463, 408, 10, '2021-09-21', '18:37:00'),
(9, 463, 408, 10, '2021-09-21', '18:38:00'),
(9, 463, 408, 10, '2021-09-21', '18:39:00'),
(9, 464, 409, 10, '2021-09-21', '18:40:00'),
(9, 464, 409, 10, '2021-09-21', '18:41:00'),
(9, 464, 409, 10, '2021-09-21', '18:42:00'),
(9, 464, 409, 10, '2021-09-21', '18:43:00'),
(9, 463, 408, 10, '2021-09-21', '18:44:00'),
(9, 464, 409, 10, '2021-09-21', '18:45:00'),
(9, 464, 409, 10, '2021-09-21', '18:46:00'),
(9, 464, 409, 10, '2021-09-21', '18:47:00'),
(9, 464, 409, 10, '2021-09-21', '18:48:00'),
(9, 463, 408, 10, '2021-09-21', '18:49:00'),
(9, 464, 409, 10, '2021-09-21', '18:50:00'),
(9, 463, 408, 10, '2021-09-21', '18:51:00'),
(9, 464, 409, 10, '2021-09-21', '18:52:00'),
(9, 463, 408, 10, '2021-09-21', '18:53:00'),
(9, 463, 408, 10, '2021-09-21', '18:54:00'),
(9, 463, 408, 10, '2021-09-21', '18:55:00'),
(9, 463, 408, 10, '2021-09-21', '18:56:00'),
(9, 463, 408, 10, '2021-09-21', '18:57:00'),
(9, 464, 409, 10, '2021-09-21', '18:58:00'),
(9, 463, 408, 10, '2021-09-21', '18:59:00');
COMMIT;

/*!40101 SET CHARACTER_SET_CLIENT=@OLD_CHARACTER_SET_CLIENT */;
/*!40101 SET CHARACTER_SET_RESULTS=@OLD_CHARACTER_SET_RESULTS */;
/*!40101 SET COLLATION_CONNECTION=@OLD_COLLATION_CONNECTION */;
